track_id,artist,raga,tradition,audio_path
Abhishek_Raghuram.Nidhi_Chala_Sukhama,Abhishek_Raghuram,Kalyāṇi,carnatic,C:/Users/Sragv/MIR Carnatic raga identification/data/raw_audio/Indian Art Music Raga Recognition Dataset (audio)/RagaDataset/Carnatic/audio/bf4662d4-25c3-4cad-9249-4de2dc513c06/Abhishek_Raghuram/December_Season_2008/Nidhi_Chala_Sukhama/Nidhi_Chala_Sukhama.mp3
Abhishek_Raghuram.Isha_Paahimam,Abhishek_Raghuram,Kalyāṇi,carnatic,C:/Users/Sragv/MIR Carnatic raga identification/data/raw_audio/Indian Art Music Raga Recognition Dataset (audio)/RagaDataset/Carnatic/audio/bf4662d4-25c3-4cad-9249-4de2dc513c06/Abhishek_Raghuram/Pravrddha_Sri_Lalgudi_Pancharatna_Kritis/Isha_Paahimam/Isha_Paahimam.mp3
Sanjay_Subrahmanyan.Vanajakshi_-_Varnam,Sanjay_Subrahmanyan,Kalyāṇi,carnatic,C:/Users/Sragv/MIR Carnatic raga identification/data/raw_audio/Indian Art Music Raga Recognition Dataset (audio)/RagaDataset/Carnatic/audio/bf4662d4-25c3-4cad-9249-4de2dc513c06/Sanjay_Subrahmanyan/Sanjay_at_Sastri_Hall/Vanajakshi_-_Varnam/Vanajakshi_-_Varnam.mp3
Sanjay_Subrahmanyan.Paarengum,Sanjay_Subrahmanyan,Kalyāṇi,carnatic,C:/Users/Sragv/MIR Carnatic raga identification/data/raw_audio/Indian Art Music Raga Recognition Dataset (audio)/RagaDataset/Carnatic/audio/bf4662d4-25c3-4cad-9249-4de2dc513c06/Sanjay_Subrahmanyan/Live_at_Vani_Mahal/Paarengum/Paarengum.mp3
Sanjay_Subrahmanyan.Ambarame_Tannire,Sanjay_Subrahmanyan,Kalyāṇi,carnatic,C:/Users/Sragv/MIR Carnatic raga identification/data/raw_audio/Indian Art Music Raga Recognition Dataset (audio)/RagaDataset/Carnatic/audio/bf4662d4-25c3-4cad-9249-4de2dc513c06/Sanjay_Subrahmanyan/December_Season_2006/Ambarame_Tannire/Ambarame_Tannire.mp3
Amrutha_Venkatesh.Vanajakshiro,Amrutha_Venkatesh,Kalyāṇi,carnatic,C:/Users/Sragv/MIR Carnatic raga identification/data/raw_audio/Indian Art Music Raga Recognition Dataset (audio)/RagaDataset/Carnatic/audio/bf4662d4-25c3-4cad-9249-4de2dc513c06/Amrutha_Venkatesh/December_Season_2009/Vanajakshiro/Vanajakshiro.mp3
Vijay_Siva.Abhayamba,Vijay_Siva,Kalyāṇi,carnatic,C:/Users/Sragv/MIR Carnatic raga identification/data/raw_audio/Indian Art Music Raga Recognition Dataset (audio)/RagaDataset/Carnatic/audio/bf4662d4-25c3-4cad-9249-4de2dc513c06/Vijay_Siva/Madrasil_Margazhi_2006/Abhayamba/Abhayamba.mp3
Sikkil_Gurucharan.Talli_Ninnu_Nera,Sikkil_Gurucharan,Kalyāṇi,carnatic,C:/Users/Sragv/MIR Carnatic raga identification/data/raw_audio/Indian Art Music Raga Recognition Dataset (audio)/RagaDataset/Carnatic/audio/bf4662d4-25c3-4cad-9249-4de2dc513c06/Sikkil_Gurucharan/December_Season_2004/Talli_Ninnu_Nera/Talli_Ninnu_Nera.mp3
Modhumudi_Sudhakar.Sundari_Nee_Divya,Modhumudi_Sudhakar,Kalyāṇi,carnatic,C:/Users/Sragv/MIR Carnatic raga identification/data/raw_audio/Indian Art Music Raga Recognition Dataset (audio)/RagaDataset/Carnatic/audio/bf4662d4-25c3-4cad-9249-4de2dc513c06/Modhumudi_Sudhakar/Modhumudi_Sudhakar_at_Arkay/Sundari_Nee_Divya/Sundari_Nee_Divya.mp3
Nisha_P_Rajagopal.Nidhi_Chala_Sukhama,Nisha_P_Rajagopal,Kalyāṇi,carnatic,C:/Users/Sragv/MIR Carnatic raga identification/data/raw_audio/Indian Art Music Raga Recognition Dataset (audio)/RagaDataset/Carnatic/audio/bf4662d4-25c3-4cad-9249-4de2dc513c06/Nisha_P_Rajagopal/December_Season_2011/Nidhi_Chala_Sukhama/Nidhi_Chala_Sukhama.mp3
Tanjore_S_Kalyanaraman.Talli_Ninnu_Nera,Tanjore_S_Kalyanaraman,Kalyāṇi,carnatic,C:/Users/Sragv/MIR Carnatic raga identification/data/raw_audio/Indian Art Music Raga Recognition Dataset (audio)/RagaDataset/Carnatic/audio/bf4662d4-25c3-4cad-9249-4de2dc513c06/Tanjore_S_Kalyanaraman/Tanjore_S_KALYANARAMAN_Live_in_concert-1972-vol_I_and_vol_II/Talli_Ninnu_Nera/Talli_Ninnu_Nera.mp3
Gayathri_Venkataraghavan.Kanden_Kaliten,Gayathri_Venkataraghavan,Kalyāṇi,carnatic,C:/Users/Sragv/MIR Carnatic raga identification/data/raw_audio/Indian Art Music Raga Recognition Dataset (audio)/RagaDataset/Carnatic/audio/bf4662d4-25c3-4cad-9249-4de2dc513c06/Gayathri_Venkataraghavan/December_Season_2008/Kanden_Kaliten/Kanden_Kaliten.mp3
Prasanna_Venkataraman.Vaderadeivamu,Prasanna_Venkataraman,Kāmavardani,carnatic,C:/Users/Sragv/MIR Carnatic raga identification/data/raw_audio/Indian Art Music Raga Recognition Dataset (audio)/RagaDataset/Carnatic/audio/85ccf631-4cdf-4f6c-a841-0edfcf4255d1/Prasanna_Venkataraman/December_Season_2009/Vaderadeivamu/Vaderadeivamu.mp3
M_S__Subbulakshmi.Ramanatham_Bhajeham,M_S__Subbulakshmi,Kāmavardani,carnatic,C:/Users/Sragv/MIR Carnatic raga identification/data/raw_audio/Indian Art Music Raga Recognition Dataset (audio)/RagaDataset/Carnatic/audio/85ccf631-4cdf-4f6c-a841-0edfcf4255d1/M_S__Subbulakshmi/Paddhatti/Ramanatham_Bhajeham/Ramanatham_Bhajeham.mp3
M_S__Subbulakshmi.Sarasaaksha,M_S__Subbulakshmi,Kāmavardani,carnatic,C:/Users/Sragv/MIR Carnatic raga identification/data/raw_audio/Indian Art Music Raga Recognition Dataset (audio)/RagaDataset/Carnatic/audio/85ccf631-4cdf-4f6c-a841-0edfcf4255d1/M_S__Subbulakshmi/Paddhatti_-_M_S_Subbulakshmi_-_Live_In_Concert_1956/Sarasaaksha/Sarasaaksha.mp3
Amritha_Murali.Raghuvara_nannu,Amritha_Murali,Kāmavardani,carnatic,C:/Users/Sragv/MIR Carnatic raga identification/data/raw_audio/Indian Art Music Raga Recognition Dataset (audio)/RagaDataset/Carnatic/audio/85ccf631-4cdf-4f6c-a841-0edfcf4255d1/Amritha_Murali/December_Season_2011/Raghuvara_nannu/Raghuvara_nannu.mp3
Sanjay_Subrahmanyan.RTP_-_Pantuvarali_-_Raagam,Sanjay_Subrahmanyan,Kāmavardani,carnatic,C:/Users/Sragv/MIR Carnatic raga identification/data/raw_audio/Indian Art Music Raga Recognition Dataset (audio)/RagaDataset/Carnatic/audio/85ccf631-4cdf-4f6c-a841-0edfcf4255d1/Sanjay_Subrahmanyan/December_Season_2010/RTP_-_Pantuvarali_-_Raagam/RTP_-_Pantuvarali_-_Raagam.mp3
Sumithra_Vasudev.Sri_Gurupadanakha,Sumithra_Vasudev,Kāmavardani,carnatic,C:/Users/Sragv/MIR Carnatic raga identification/data/raw_audio/Indian Art Music Raga Recognition Dataset (audio)/RagaDataset/Carnatic/audio/85ccf631-4cdf-4f6c-a841-0edfcf4255d1/Sumithra_Vasudev/Tasmai_Sri_Gurave_Namaha/Sri_Gurupadanakha/Sri_Gurupadanakha.mp3
Neyveli_R_Santhanagopalan.Ramanatham_Bhajeham,Neyveli_R_Santhanagopalan,Kāmavardani,carnatic,C:/Users/Sragv/MIR Carnatic raga identification/data/raw_audio/Indian Art Music Raga Recognition Dataset (audio)/RagaDataset/Carnatic/audio/85ccf631-4cdf-4f6c-a841-0edfcf4255d1/Neyveli_R_Santhanagopalan/December_Season_2005/Ramanatham_Bhajeham/Ramanatham_Bhajeham.mp3
Amrutha_Venkatesh.Kunjida_Padattai,Amrutha_Venkatesh,Kāmavardani,carnatic,C:/Users/Sragv/MIR Carnatic raga identification/data/raw_audio/Indian Art Music Raga Recognition Dataset (audio)/RagaDataset/Carnatic/audio/85ccf631-4cdf-4f6c-a841-0edfcf4255d1/Amrutha_Venkatesh/December_Season_2008/Kunjida_Padattai/Kunjida_Padattai.mp3
Unnikrishnan.Sami_Ni,Unnikrishnan,Kāmavardani,carnatic,C:/Users/Sragv/MIR Carnatic raga identification/data/raw_audio/Indian Art Music Raga Recognition Dataset (audio)/RagaDataset/Carnatic/audio/85ccf631-4cdf-4f6c-a841-0edfcf4255d1/Unnikrishnan/Madrasil_Margazhi_2007_-_The_Music_Academy_Concerts/Sami_Ni/Sami_Ni.mp3
Sikkil_Gurucharan.Enna_Gaanu,Sikkil_Gurucharan,Kāmavardani,carnatic,C:/Users/Sragv/MIR Carnatic raga identification/data/raw_audio/Indian Art Music Raga Recognition Dataset (audio)/RagaDataset/Carnatic/audio/85ccf631-4cdf-4f6c-a841-0edfcf4255d1/Sikkil_Gurucharan/December_Season_2006/Enna_Gaanu/Enna_Gaanu.mp3
Kunnakkudi_M_Balamuralikrishna.Shambho_Mahadeva,Kunnakkudi_M_Balamuralikrishna,Kāmavardani,carnatic,C:/Users/Sragv/MIR Carnatic raga identification/data/raw_audio/Indian Art Music Raga Recognition Dataset (audio)/RagaDataset/Carnatic/audio/85ccf631-4cdf-4f6c-a841-0edfcf4255d1/Kunnakkudi_M_Balamuralikrishna/December_Season_2006/Shambho_Mahadeva/Shambho_Mahadeva.mp3
O__S__Thyagarajan.Ninnu_Nera_Nammi,O__S__Thyagarajan,Kāmavardani,carnatic,C:/Users/Sragv/MIR Carnatic raga identification/data/raw_audio/Indian Art Music Raga Recognition Dataset (audio)/RagaDataset/Carnatic/audio/85ccf631-4cdf-4f6c-a841-0edfcf4255d1/O__S__Thyagarajan/December_Season_2003/Ninnu_Nera_Nammi/Ninnu_Nera_Nammi.mp3
K__V__Narayanaswami.Manam_Irangata,K__V__Narayanaswami,Māyāmāḷavagauḷa,carnatic,"C:/Users/Sragv/MIR Carnatic raga identification/data/raw_audio/Indian Art Music Raga Recognition Dataset (audio)/RagaDataset/Carnatic/audio/9cedca68-4a9d-4170-bec3-0d1db1ff730e/K__V__Narayanaswami/K__V__Narayanaswami_concert_at_Toronto,_1997/Manam_Irangata/Manam_Irangata.mp3"
K__V__Narayanaswami.Thulasidala,K__V__Narayanaswami,Māyāmāḷavagauḷa,carnatic,C:/Users/Sragv/MIR Carnatic raga identification/data/raw_audio/Indian Art Music Raga Recognition Dataset (audio)/RagaDataset/Carnatic/audio/9cedca68-4a9d-4170-bec3-0d1db1ff730e/K__V__Narayanaswami/K__V__Narayanaswami_Monyreal_concert_1980/Thulasidala/Thulasidala.mp3
Semmangudi_Srinivasa_Iyer.Deva_DEva_Kalayamite,Semmangudi_Srinivasa_Iyer,Māyāmāḷavagauḷa,carnatic,C:/Users/Sragv/MIR Carnatic raga identification/data/raw_audio/Indian Art Music Raga Recognition Dataset (audio)/RagaDataset/Carnatic/audio/9cedca68-4a9d-4170-bec3-0d1db1ff730e/Semmangudi_Srinivasa_Iyer/Paramatmakam/Deva_DEva_Kalayamite/Deva_DEva_Kalayamite.mp3
M_S__Subbulakshmi.Ksheera_Sagara_Shayana,M_S__Subbulakshmi,Māyāmāḷavagauḷa,carnatic,C:/Users/Sragv/MIR Carnatic raga identification/data/raw_audio/Indian Art Music Raga Recognition Dataset (audio)/RagaDataset/Carnatic/audio/9cedca68-4a9d-4170-bec3-0d1db1ff730e/M_S__Subbulakshmi/Paddhatti/Ksheera_Sagara_Shayana/Ksheera_Sagara_Shayana.mp3
Amritha_Murali.Vidulaku,Amritha_Murali,Māyāmāḷavagauḷa,carnatic,C:/Users/Sragv/MIR Carnatic raga identification/data/raw_audio/Indian Art Music Raga Recognition Dataset (audio)/RagaDataset/Carnatic/audio/9cedca68-4a9d-4170-bec3-0d1db1ff730e/Amritha_Murali/December_Season_2009/Vidulaku/Vidulaku.mp3
Sangeetha_Swaminathan.Sri_Raja_Rajeswari,Sangeetha_Swaminathan,Māyāmāḷavagauḷa,carnatic,C:/Users/Sragv/MIR Carnatic raga identification/data/raw_audio/Indian Art Music Raga Recognition Dataset (audio)/RagaDataset/Carnatic/audio/9cedca68-4a9d-4170-bec3-0d1db1ff730e/Sangeetha_Swaminathan/December_Season_2001/Sri_Raja_Rajeswari/Sri_Raja_Rajeswari.mp3
Aruna_Sairam.Vidulaku_Mrokkeda,Aruna_Sairam,Māyāmāḷavagauḷa,carnatic,C:/Users/Sragv/MIR Carnatic raga identification/data/raw_audio/Indian Art Music Raga Recognition Dataset (audio)/RagaDataset/Carnatic/audio/9cedca68-4a9d-4170-bec3-0d1db1ff730e/Aruna_Sairam/December_Season_2000/Vidulaku_Mrokkeda/Vidulaku_Mrokkeda.mp3
T__V__Gopala_Krishnan.Meru_Samana,T__V__Gopala_Krishnan,Māyāmāḷavagauḷa,carnatic,C:/Users/Sragv/MIR Carnatic raga identification/data/raw_audio/Indian Art Music Raga Recognition Dataset (audio)/RagaDataset/Carnatic/audio/9cedca68-4a9d-4170-bec3-0d1db1ff730e/T__V__Gopala_Krishnan/Paddhatti/Meru_Samana/Meru_Samana.mp3
Amrutha_Venkatesh.Vidulaku_Mrokkeda,Amrutha_Venkatesh,Māyāmāḷavagauḷa,carnatic,C:/Users/Sragv/MIR Carnatic raga identification/data/raw_audio/Indian Art Music Raga Recognition Dataset (audio)/RagaDataset/Carnatic/audio/9cedca68-4a9d-4170-bec3-0d1db1ff730e/Amrutha_Venkatesh/December_Season_2007/Vidulaku_Mrokkeda/Vidulaku_Mrokkeda.mp3
T__Brinda.Meru_Samana,T__Brinda,Māyāmāḷavagauḷa,carnatic,C:/Users/Sragv/MIR Carnatic raga identification/data/raw_audio/Indian Art Music Raga Recognition Dataset (audio)/RagaDataset/Carnatic/audio/9cedca68-4a9d-4170-bec3-0d1db1ff730e/T__Brinda/All_Time_Favourites_-_Vol_4/Meru_Samana/Meru_Samana.mp3
Nisha_P_Rajagopal.Deva_Deva_Kalayami,Nisha_P_Rajagopal,Māyāmāḷavagauḷa,carnatic,C:/Users/Sragv/MIR Carnatic raga identification/data/raw_audio/Indian Art Music Raga Recognition Dataset (audio)/RagaDataset/Carnatic/audio/9cedca68-4a9d-4170-bec3-0d1db1ff730e/Nisha_P_Rajagopal/December_Season_2003/Deva_Deva_Kalayami/Deva_Deva_Kalayami.mp3
Gayathri_Venkataraghavan.Deva_Deva_Kalayami,Gayathri_Venkataraghavan,Māyāmāḷavagauḷa,carnatic,C:/Users/Sragv/MIR Carnatic raga identification/data/raw_audio/Indian Art Music Raga Recognition Dataset (audio)/RagaDataset/Carnatic/audio/9cedca68-4a9d-4170-bec3-0d1db1ff730e/Gayathri_Venkataraghavan/December_Season_2001/Deva_Deva_Kalayami/Deva_Deva_Kalayami.mp3
K__V__Narayanaswami.Sadhbhakthiya,K__V__Narayanaswami,Ānandabhairavi,carnatic,C:/Users/Sragv/MIR Carnatic raga identification/data/raw_audio/Indian Art Music Raga Recognition Dataset (audio)/RagaDataset/Carnatic/audio/e18fcaa7-1f9c-4f09-b627-0687481f4ec7/K__V__Narayanaswami/K__V__Narayanaswami_concert_at_Shanmukananda_Hall_Bombay_1980/Sadhbhakthiya/Sadhbhakthiya.mp3
Chaitra_Sairam.Kamalamba_Samrakshatu,Chaitra_Sairam,Ānandabhairavi,carnatic,C:/Users/Sragv/MIR Carnatic raga identification/data/raw_audio/Indian Art Music Raga Recognition Dataset (audio)/RagaDataset/Carnatic/audio/e18fcaa7-1f9c-4f09-b627-0687481f4ec7/Chaitra_Sairam/Chaitra_Sairam_at_Arkay/Kamalamba_Samrakshatu/Kamalamba_Samrakshatu.mp3
Maharajapuram_S_Ramachandran.Himachala_Tanaya,Maharajapuram_S_Ramachandran,Ānandabhairavi,carnatic,C:/Users/Sragv/MIR Carnatic raga identification/data/raw_audio/Indian Art Music Raga Recognition Dataset (audio)/RagaDataset/Carnatic/audio/e18fcaa7-1f9c-4f09-b627-0687481f4ec7/Maharajapuram_S_Ramachandran/December_Season_2009/Himachala_Tanaya/Himachala_Tanaya.mp3
T__M__Krishna.Anandesvarena,T__M__Krishna,Ānandabhairavi,carnatic,C:/Users/Sragv/MIR Carnatic raga identification/data/raw_audio/Indian Art Music Raga Recognition Dataset (audio)/RagaDataset/Carnatic/audio/e18fcaa7-1f9c-4f09-b627-0687481f4ec7/T__M__Krishna/Madrasil_Margazhi_2006/Anandesvarena/Anandesvarena.mp3
M_S__Subbulakshmi.Ambikaye_Arul_Purivaai,M_S__Subbulakshmi,Ānandabhairavi,carnatic,C:/Users/Sragv/MIR Carnatic raga identification/data/raw_audio/Indian Art Music Raga Recognition Dataset (audio)/RagaDataset/Carnatic/audio/e18fcaa7-1f9c-4f09-b627-0687481f4ec7/M_S__Subbulakshmi/Paddhatti/Ambikaye_Arul_Purivaai/Ambikaye_Arul_Purivaai.mp3
Amritha_Murali.O_Jagadamba,Amritha_Murali,Ānandabhairavi,carnatic,C:/Users/Sragv/MIR Carnatic raga identification/data/raw_audio/Indian Art Music Raga Recognition Dataset (audio)/RagaDataset/Carnatic/audio/e18fcaa7-1f9c-4f09-b627-0687481f4ec7/Amritha_Murali/December_Season_2011/O_Jagadamba/O_Jagadamba.mp3
Sanjay_Subrahmanyan.Kaappaduve_Unadu,Sanjay_Subrahmanyan,Ānandabhairavi,carnatic,C:/Users/Sragv/MIR Carnatic raga identification/data/raw_audio/Indian Art Music Raga Recognition Dataset (audio)/RagaDataset/Carnatic/audio/e18fcaa7-1f9c-4f09-b627-0687481f4ec7/Sanjay_Subrahmanyan/December_Season_2007/Kaappaduve_Unadu/Kaappaduve_Unadu.mp3
Sanjay_Subrahmanyan.Marivere_Gathi,Sanjay_Subrahmanyan,Ānandabhairavi,carnatic,C:/Users/Sragv/MIR Carnatic raga identification/data/raw_audio/Indian Art Music Raga Recognition Dataset (audio)/RagaDataset/Carnatic/audio/e18fcaa7-1f9c-4f09-b627-0687481f4ec7/Sanjay_Subrahmanyan/December_Season_2010/Marivere_Gathi/Marivere_Gathi.mp3
Aruna_Sairam.O_Jagadamba,Aruna_Sairam,Ānandabhairavi,carnatic,C:/Users/Sragv/MIR Carnatic raga identification/data/raw_audio/Indian Art Music Raga Recognition Dataset (audio)/RagaDataset/Carnatic/audio/e18fcaa7-1f9c-4f09-b627-0687481f4ec7/Aruna_Sairam/December_Season_2005/O_Jagadamba/O_Jagadamba.mp3
Aruna_Sairam.Kamalamba,Aruna_Sairam,Ānandabhairavi,carnatic,C:/Users/Sragv/MIR Carnatic raga identification/data/raw_audio/Indian Art Music Raga Recognition Dataset (audio)/RagaDataset/Carnatic/audio/e18fcaa7-1f9c-4f09-b627-0687481f4ec7/Aruna_Sairam/Madrasil_Margazhi_2005/Kamalamba/Kamalamba.mp3
Gayathri_Venkataraghavan.Kaappaduve_Unadu,Gayathri_Venkataraghavan,Ānandabhairavi,carnatic,C:/Users/Sragv/MIR Carnatic raga identification/data/raw_audio/Indian Art Music Raga Recognition Dataset (audio)/RagaDataset/Carnatic/audio/e18fcaa7-1f9c-4f09-b627-0687481f4ec7/Gayathri_Venkataraghavan/December_Season_2010/Kaappaduve_Unadu/Kaappaduve_Unadu.mp3
Gayathri_Venkataraghavan.Raman_Ezhundarulinaar,Gayathri_Venkataraghavan,Ānandabhairavi,carnatic,C:/Users/Sragv/MIR Carnatic raga identification/data/raw_audio/Indian Art Music Raga Recognition Dataset (audio)/RagaDataset/Carnatic/audio/e18fcaa7-1f9c-4f09-b627-0687481f4ec7/Gayathri_Venkataraghavan/December_Season_2006/Raman_Ezhundarulinaar/Raman_Ezhundarulinaar.mp3
Amritha_Murali.Vallabha_Nayakasya,Amritha_Murali,Bēgaḍa,carnatic,C:/Users/Sragv/MIR Carnatic raga identification/data/raw_audio/Indian Art Music Raga Recognition Dataset (audio)/RagaDataset/Carnatic/audio/aa5f376f-06cd-4a69-9cc9-b1077104e0b0/Amritha_Murali/December_Season_2005/Vallabha_Nayakasya/Vallabha_Nayakasya.mp3
Sanjay_Subrahmanyan.Abhimanamennadu,Sanjay_Subrahmanyan,Bēgaḍa,carnatic,C:/Users/Sragv/MIR Carnatic raga identification/data/raw_audio/Indian Art Music Raga Recognition Dataset (audio)/RagaDataset/Carnatic/audio/aa5f376f-06cd-4a69-9cc9-b1077104e0b0/Sanjay_Subrahmanyan/December_Season_2002/Abhimanamennadu/Abhimanamennadu.mp3
Sanjay_Subrahmanyan.Vallabha_Nayakasya,Sanjay_Subrahmanyan,Bēgaḍa,carnatic,"C:/Users/Sragv/MIR Carnatic raga identification/data/raw_audio/Indian Art Music Raga Recognition Dataset (audio)/RagaDataset/Carnatic/audio/aa5f376f-06cd-4a69-9cc9-b1077104e0b0/Sanjay_Subrahmanyan/Kutcheri,_Live_at_Gokhale_Hall/Vallabha_Nayakasya/Vallabha_Nayakasya.mp3"
S__Sowmya.Yarukkahilum,S__Sowmya,Bēgaḍa,carnatic,C:/Users/Sragv/MIR Carnatic raga identification/data/raw_audio/Indian Art Music Raga Recognition Dataset (audio)/RagaDataset/Carnatic/audio/aa5f376f-06cd-4a69-9cc9-b1077104e0b0/S__Sowmya/Bharat_Sangeet_Utsav/Yarukkahilum/Yarukkahilum.mp3
Ranjani_Guruprasad.Nadopasana,Ranjani_Guruprasad,Bēgaḍa,carnatic,C:/Users/Sragv/MIR Carnatic raga identification/data/raw_audio/Indian Art Music Raga Recognition Dataset (audio)/RagaDataset/Carnatic/audio/aa5f376f-06cd-4a69-9cc9-b1077104e0b0/Ranjani_Guruprasad/December_Season_2010/Nadopasana/Nadopasana.mp3
Bombay_Jayashri.Shankari_Neeve,Bombay_Jayashri,Bēgaḍa,carnatic,C:/Users/Sragv/MIR Carnatic raga identification/data/raw_audio/Indian Art Music Raga Recognition Dataset (audio)/RagaDataset/Carnatic/audio/aa5f376f-06cd-4a69-9cc9-b1077104e0b0/Bombay_Jayashri/December_Season_2008/Shankari_Neeve/Shankari_Neeve.mp3
Kunnakkudi_M_Balamuralikrishna.Nadopasana,Kunnakkudi_M_Balamuralikrishna,Bēgaḍa,carnatic,C:/Users/Sragv/MIR Carnatic raga identification/data/raw_audio/Indian Art Music Raga Recognition Dataset (audio)/RagaDataset/Carnatic/audio/aa5f376f-06cd-4a69-9cc9-b1077104e0b0/Kunnakkudi_M_Balamuralikrishna/December_Season_2009/Nadopasana/Nadopasana.mp3
Nithyasree_Mahadevan.Va_Muruga_Va,Nithyasree_Mahadevan,Bēgaḍa,carnatic,C:/Users/Sragv/MIR Carnatic raga identification/data/raw_audio/Indian Art Music Raga Recognition Dataset (audio)/RagaDataset/Carnatic/audio/aa5f376f-06cd-4a69-9cc9-b1077104e0b0/Nithyasree_Mahadevan/December_Season_2008/Va_Muruga_Va/Va_Muruga_Va.mp3
Nithyasree_Mahadevan.Tyagarajaya_Namaste,Nithyasree_Mahadevan,Bēgaḍa,carnatic,C:/Users/Sragv/MIR Carnatic raga identification/data/raw_audio/Indian Art Music Raga Recognition Dataset (audio)/RagaDataset/Carnatic/audio/aa5f376f-06cd-4a69-9cc9-b1077104e0b0/Nithyasree_Mahadevan/December_Season_2009/Tyagarajaya_Namaste/Tyagarajaya_Namaste.mp3
O__S__Thyagarajan.Varnnam_Intachalamu,O__S__Thyagarajan,Bēgaḍa,carnatic,"C:/Users/Sragv/MIR Carnatic raga identification/data/raw_audio/Indian Art Music Raga Recognition Dataset (audio)/RagaDataset/Carnatic/audio/aa5f376f-06cd-4a69-9cc9-b1077104e0b0/O__S__Thyagarajan/Live_At_Sree_Rama_Seva_Mandali,_Bangalore/Varnnam_Intachalamu/Varnnam_Intachalamu.mp3"
Gayathri_Venkataraghavan.Dayanidhe,Gayathri_Venkataraghavan,Bēgaḍa,carnatic,C:/Users/Sragv/MIR Carnatic raga identification/data/raw_audio/Indian Art Music Raga Recognition Dataset (audio)/RagaDataset/Carnatic/audio/aa5f376f-06cd-4a69-9cc9-b1077104e0b0/Gayathri_Venkataraghavan/December_Season_2005/Dayanidhe/Dayanidhe.mp3
T__M__Krishna.Dakshinamurte,T__M__Krishna,Śankarābharaṇaṁ,carnatic,C:/Users/Sragv/MIR Carnatic raga identification/data/raw_audio/Indian Art Music Raga Recognition Dataset (audio)/RagaDataset/Carnatic/audio/a2f9f182-0ceb-4531-b286-b840b47a54b8/T__M__Krishna/December_Season_2008/Dakshinamurte/Dakshinamurte.mp3
M_S__Subbulakshmi.Emi_Neramu,M_S__Subbulakshmi,Śankarābharaṇaṁ,carnatic,C:/Users/Sragv/MIR Carnatic raga identification/data/raw_audio/Indian Art Music Raga Recognition Dataset (audio)/RagaDataset/Carnatic/audio/a2f9f182-0ceb-4531-b286-b840b47a54b8/M_S__Subbulakshmi/Paddhatti/Emi_Neramu/Emi_Neramu.mp3
Sanjay_Subrahmanyan.Sundareshwaraya_Namasthe,Sanjay_Subrahmanyan,Śankarābharaṇaṁ,carnatic,C:/Users/Sragv/MIR Carnatic raga identification/data/raw_audio/Indian Art Music Raga Recognition Dataset (audio)/RagaDataset/Carnatic/audio/a2f9f182-0ceb-4531-b286-b840b47a54b8/Sanjay_Subrahmanyan/Compositions_Of_Muthuswami_Dikshitar/Sundareshwaraya_Namasthe/Sundareshwaraya_Namasthe.mp3
Sanjay_Subrahmanyan.Buddhi_Raadu,Sanjay_Subrahmanyan,Śankarābharaṇaṁ,carnatic,C:/Users/Sragv/MIR Carnatic raga identification/data/raw_audio/Indian Art Music Raga Recognition Dataset (audio)/RagaDataset/Carnatic/audio/a2f9f182-0ceb-4531-b286-b840b47a54b8/Sanjay_Subrahmanyan/December_Season_2010/Buddhi_Raadu/Buddhi_Raadu.mp3
Sanjay_Subrahmanyan.Undan_Paada_Pankayam,Sanjay_Subrahmanyan,Śankarābharaṇaṁ,carnatic,C:/Users/Sragv/MIR Carnatic raga identification/data/raw_audio/Indian Art Music Raga Recognition Dataset (audio)/RagaDataset/Carnatic/audio/a2f9f182-0ceb-4531-b286-b840b47a54b8/Sanjay_Subrahmanyan/Live_at_Kamarajar_Hall/Undan_Paada_Pankayam/Undan_Paada_Pankayam.mp3
Sanjay_Subrahmanyan.Shankaracharyam,Sanjay_Subrahmanyan,Śankarābharaṇaṁ,carnatic,C:/Users/Sragv/MIR Carnatic raga identification/data/raw_audio/Indian Art Music Raga Recognition Dataset (audio)/RagaDataset/Carnatic/audio/a2f9f182-0ceb-4531-b286-b840b47a54b8/Sanjay_Subrahmanyan/Live_in_USA_-_Sanjay_Subrahmanyan/Shankaracharyam/Shankaracharyam.mp3
Sumithra_Vasudev.Sankaracharyam,Sumithra_Vasudev,Śankarābharaṇaṁ,carnatic,C:/Users/Sragv/MIR Carnatic raga identification/data/raw_audio/Indian Art Music Raga Recognition Dataset (audio)/RagaDataset/Carnatic/audio/a2f9f182-0ceb-4531-b286-b840b47a54b8/Sumithra_Vasudev/December_Season_2011/Sankaracharyam/Sankaracharyam.mp3
Sumithra_Vasudev.Sri_Dakshinamurte,Sumithra_Vasudev,Śankarābharaṇaṁ,carnatic,C:/Users/Sragv/MIR Carnatic raga identification/data/raw_audio/Indian Art Music Raga Recognition Dataset (audio)/RagaDataset/Carnatic/audio/a2f9f182-0ceb-4531-b286-b840b47a54b8/Sumithra_Vasudev/Tasmai_Sri_Gurave_Namaha/Sri_Dakshinamurte/Sri_Dakshinamurte.mp3
Amrutha_Venkatesh.Akshayalinga_Vibho,Amrutha_Venkatesh,Śankarābharaṇaṁ,carnatic,C:/Users/Sragv/MIR Carnatic raga identification/data/raw_audio/Indian Art Music Raga Recognition Dataset (audio)/RagaDataset/Carnatic/audio/a2f9f182-0ceb-4531-b286-b840b47a54b8/Amrutha_Venkatesh/December_Season_2007/Akshayalinga_Vibho/Akshayalinga_Vibho.mp3
Sikkil_Gurucharan.Sami_Ninne,Sikkil_Gurucharan,Śankarābharaṇaṁ,carnatic,C:/Users/Sragv/MIR Carnatic raga identification/data/raw_audio/Indian Art Music Raga Recognition Dataset (audio)/RagaDataset/Carnatic/audio/a2f9f182-0ceb-4531-b286-b840b47a54b8/Sikkil_Gurucharan/December_Season_2007/Sami_Ninne/Sami_Ninne.mp3
Nithyasree_Mahadevan.Tukiya_Tiruvadi,Nithyasree_Mahadevan,Śankarābharaṇaṁ,carnatic,C:/Users/Sragv/MIR Carnatic raga identification/data/raw_audio/Indian Art Music Raga Recognition Dataset (audio)/RagaDataset/Carnatic/audio/a2f9f182-0ceb-4531-b286-b840b47a54b8/Nithyasree_Mahadevan/December_Season_2007/Tukiya_Tiruvadi/Tukiya_Tiruvadi.mp3
Gayathri_Venkataraghavan.Manasu_Swamidhinamayi,Gayathri_Venkataraghavan,Śankarābharaṇaṁ,carnatic,C:/Users/Sragv/MIR Carnatic raga identification/data/raw_audio/Indian Art Music Raga Recognition Dataset (audio)/RagaDataset/Carnatic/audio/a2f9f182-0ceb-4531-b286-b840b47a54b8/Gayathri_Venkataraghavan/December_Season_2005/Manasu_Swamidhinamayi/Manasu_Swamidhinamayi.mp3
Cherthala_Ranganatha_Sharma.Shlokam_-_Shivah_Shaktyayukto,Cherthala_Ranganatha_Sharma,Madhyamāvati,carnatic,C:/Users/Sragv/MIR Carnatic raga identification/data/raw_audio/Indian Art Music Raga Recognition Dataset (audio)/RagaDataset/Carnatic/audio/18b1acb9-dff6-47ec-873a-b2086c8d268d/Cherthala_Ranganatha_Sharma/Cherthala_Ranganatha_Sharma_at_Arkay/Shlokam_-_Shivah_Shaktyayukto/Shlokam_-_Shivah_Shaktyayukto.mp3
Abhishek_Raghuram.Deva_Shri,Abhishek_Raghuram,Madhyamāvati,carnatic,C:/Users/Sragv/MIR Carnatic raga identification/data/raw_audio/Indian Art Music Raga Recognition Dataset (audio)/RagaDataset/Carnatic/audio/18b1acb9-dff6-47ec-873a-b2086c8d268d/Abhishek_Raghuram/Pravrddha_Sri_Lalgudi_Pancharatna_Kritis/Deva_Shri/Deva_Shri.mp3
T__M__Krishna.Alakalella,T__M__Krishna,Madhyamāvati,carnatic,C:/Users/Sragv/MIR Carnatic raga identification/data/raw_audio/Indian Art Music Raga Recognition Dataset (audio)/RagaDataset/Carnatic/audio/18b1acb9-dff6-47ec-873a-b2086c8d268d/T__M__Krishna/Madrasil_Margazhi_2006/Alakalella/Alakalella.mp3
T__M__Krishna.Ramakathasudha,T__M__Krishna,Madhyamāvati,carnatic,C:/Users/Sragv/MIR Carnatic raga identification/data/raw_audio/Indian Art Music Raga Recognition Dataset (audio)/RagaDataset/Carnatic/audio/18b1acb9-dff6-47ec-873a-b2086c8d268d/T__M__Krishna/December_Season_2000/Ramakathasudha/Ramakathasudha.mp3
Lalgudi_GJR_Krishnan.Sharavanabhava_Guhane,Lalgudi_GJR_Krishnan,Madhyamāvati,carnatic,C:/Users/Sragv/MIR Carnatic raga identification/data/raw_audio/Indian Art Music Raga Recognition Dataset (audio)/RagaDataset/Carnatic/audio/18b1acb9-dff6-47ec-873a-b2086c8d268d/Lalgudi_GJR_Krishnan/December_Season_2004/Sharavanabhava_Guhane/Sharavanabhava_Guhane.mp3
S__Sowmya.Karpagame,S__Sowmya,Madhyamāvati,carnatic,C:/Users/Sragv/MIR Carnatic raga identification/data/raw_audio/Indian Art Music Raga Recognition Dataset (audio)/RagaDataset/Carnatic/audio/18b1acb9-dff6-47ec-873a-b2086c8d268d/S__Sowmya/December_Season_1999/Karpagame/Karpagame.mp3
Aruna_Sairam.Nadupai,Aruna_Sairam,Madhyamāvati,carnatic,C:/Users/Sragv/MIR Carnatic raga identification/data/raw_audio/Indian Art Music Raga Recognition Dataset (audio)/RagaDataset/Carnatic/audio/18b1acb9-dff6-47ec-873a-b2086c8d268d/Aruna_Sairam/Madrasil_Margazhi_2006/Nadupai/Nadupai.mp3
Modhumudi_Sudhakar.Rama_Namam_Bhajare,Modhumudi_Sudhakar,Madhyamāvati,carnatic,C:/Users/Sragv/MIR Carnatic raga identification/data/raw_audio/Indian Art Music Raga Recognition Dataset (audio)/RagaDataset/Carnatic/audio/18b1acb9-dff6-47ec-873a-b2086c8d268d/Modhumudi_Sudhakar/Modhumudi_Sudhakar_at_Arkay/Rama_Namam_Bhajare/Rama_Namam_Bhajare.mp3
O__S__Thyagarajan.Nadupai,O__S__Thyagarajan,Madhyamāvati,carnatic,C:/Users/Sragv/MIR Carnatic raga identification/data/raw_audio/Indian Art Music Raga Recognition Dataset (audio)/RagaDataset/Carnatic/audio/18b1acb9-dff6-47ec-873a-b2086c8d268d/O__S__Thyagarajan/December_Season_2003/Nadupai/Nadupai.mp3
Gayathri_Venkataraghavan.Adum_Mayilai_-_Karpagame,Gayathri_Venkataraghavan,Madhyamāvati,carnatic,C:/Users/Sragv/MIR Carnatic raga identification/data/raw_audio/Indian Art Music Raga Recognition Dataset (audio)/RagaDataset/Carnatic/audio/18b1acb9-dff6-47ec-873a-b2086c8d268d/Gayathri_Venkataraghavan/December_Season_2010/Adum_Mayilai_-_Karpagame/Adum_Mayilai_-_Karpagame.mp3
S__Somasundaram.Rama_Namamu,S__Somasundaram,Madhyamāvati,carnatic,C:/Users/Sragv/MIR Carnatic raga identification/data/raw_audio/Indian Art Music Raga Recognition Dataset (audio)/RagaDataset/Carnatic/audio/18b1acb9-dff6-47ec-873a-b2086c8d268d/S__Somasundaram/Madurai_Somasundaram/Rama_Namamu/Rama_Namamu.mp3
Ramnad_Krishnan.Ramakatha_Sudarasa,Ramnad_Krishnan,Madhyamāvati,carnatic,C:/Users/Sragv/MIR Carnatic raga identification/data/raw_audio/Indian Art Music Raga Recognition Dataset (audio)/RagaDataset/Carnatic/audio/18b1acb9-dff6-47ec-873a-b2086c8d268d/Ramnad_Krishnan/Ramnad_Krishnan_concert_at_Music_Academy_1969/Ramakatha_Sudarasa/Ramakatha_Sudarasa.mp3
Abhishek_Raghuram.Mamavasada_Varade,Abhishek_Raghuram,Nāṭakurinji,carnatic,C:/Users/Sragv/MIR Carnatic raga identification/data/raw_audio/Indian Art Music Raga Recognition Dataset (audio)/RagaDataset/Carnatic/audio/cda9cbe9-c1aa-42bb-8b4c-e9dfc8af133c/Abhishek_Raghuram/December_Season_2010/Mamavasada_Varade/Mamavasada_Varade.mp3
Prasanna_Venkataraman.Chalamela,Prasanna_Venkataraman,Nāṭakurinji,carnatic,C:/Users/Sragv/MIR Carnatic raga identification/data/raw_audio/Indian Art Music Raga Recognition Dataset (audio)/RagaDataset/Carnatic/audio/cda9cbe9-c1aa-42bb-8b4c-e9dfc8af133c/Prasanna_Venkataraman/December_Season_2009/Chalamela/Chalamela.mp3
T__M__Krishna.Mahisanthi_Murthim,T__M__Krishna,Nāṭakurinji,carnatic,C:/Users/Sragv/MIR Carnatic raga identification/data/raw_audio/Indian Art Music Raga Recognition Dataset (audio)/RagaDataset/Carnatic/audio/cda9cbe9-c1aa-42bb-8b4c-e9dfc8af133c/T__M__Krishna/Madrasil_Margazhi_2006/Mahisanthi_Murthim/Mahisanthi_Murthim.mp3
Amritha_Murali.Vazhimaraithirukkuthe,Amritha_Murali,Nāṭakurinji,carnatic,C:/Users/Sragv/MIR Carnatic raga identification/data/raw_audio/Indian Art Music Raga Recognition Dataset (audio)/RagaDataset/Carnatic/audio/cda9cbe9-c1aa-42bb-8b4c-e9dfc8af133c/Amritha_Murali/December_Season_2009/Vazhimaraithirukkuthe/Vazhimaraithirukkuthe.mp3
Amritha_Murali.Ekkalathilum,Amritha_Murali,Nāṭakurinji,carnatic,C:/Users/Sragv/MIR Carnatic raga identification/data/raw_audio/Indian Art Music Raga Recognition Dataset (audio)/RagaDataset/Carnatic/audio/cda9cbe9-c1aa-42bb-8b4c-e9dfc8af133c/Amritha_Murali/December_Season_2005/Ekkalathilum/Ekkalathilum.mp3
Sanjay_Subrahmanyan.Chalamela,Sanjay_Subrahmanyan,Nāṭakurinji,carnatic,C:/Users/Sragv/MIR Carnatic raga identification/data/raw_audio/Indian Art Music Raga Recognition Dataset (audio)/RagaDataset/Carnatic/audio/cda9cbe9-c1aa-42bb-8b4c-e9dfc8af133c/Sanjay_Subrahmanyan/December_Season_2000/Chalamela/Chalamela.mp3
Sanjay_Subrahmanyan.Parakela_Saraswati,Sanjay_Subrahmanyan,Nāṭakurinji,carnatic,C:/Users/Sragv/MIR Carnatic raga identification/data/raw_audio/Indian Art Music Raga Recognition Dataset (audio)/RagaDataset/Carnatic/audio/cda9cbe9-c1aa-42bb-8b4c-e9dfc8af133c/Sanjay_Subrahmanyan/December_Season_2006/Parakela_Saraswati/Parakela_Saraswati.mp3
Dr_Pantula_Rama.Budhamashrayami,Dr_Pantula_Rama,Nāṭakurinji,carnatic,C:/Users/Sragv/MIR Carnatic raga identification/data/raw_audio/Indian Art Music Raga Recognition Dataset (audio)/RagaDataset/Carnatic/audio/cda9cbe9-c1aa-42bb-8b4c-e9dfc8af133c/Dr_Pantula_Rama/December_Season_2011/Budhamashrayami/Budhamashrayami.mp3
Sikkil_Gurucharan.Chalamela,Sikkil_Gurucharan,Nāṭakurinji,carnatic,C:/Users/Sragv/MIR Carnatic raga identification/data/raw_audio/Indian Art Music Raga Recognition Dataset (audio)/RagaDataset/Carnatic/audio/cda9cbe9-c1aa-42bb-8b4c-e9dfc8af133c/Sikkil_Gurucharan/December_Season_2006/Chalamela/Chalamela.mp3
Nithyasree_Mahadevan.Svami_Nan_Unran,Nithyasree_Mahadevan,Nāṭakurinji,carnatic,C:/Users/Sragv/MIR Carnatic raga identification/data/raw_audio/Indian Art Music Raga Recognition Dataset (audio)/RagaDataset/Carnatic/audio/cda9cbe9-c1aa-42bb-8b4c-e9dfc8af133c/Nithyasree_Mahadevan/December_Season_2002/Svami_Nan_Unran/Svami_Nan_Unran.mp3
Nisha_P_Rajagopal.Mamava_sada,Nisha_P_Rajagopal,Nāṭakurinji,carnatic,C:/Users/Sragv/MIR Carnatic raga identification/data/raw_audio/Indian Art Music Raga Recognition Dataset (audio)/RagaDataset/Carnatic/audio/cda9cbe9-c1aa-42bb-8b4c-e9dfc8af133c/Nisha_P_Rajagopal/December_Season_2011/Mamava_sada/Mamava_sada.mp3
Gayathri_Girish.Chalame,Gayathri_Girish,Nāṭakurinji,carnatic,C:/Users/Sragv/MIR Carnatic raga identification/data/raw_audio/Indian Art Music Raga Recognition Dataset (audio)/RagaDataset/Carnatic/audio/cda9cbe9-c1aa-42bb-8b4c-e9dfc8af133c/Gayathri_Girish/December_Season_2007/Chalame/Chalame.mp3
K__V__Narayanaswami.Dinamanivamsa,K__V__Narayanaswami,Harikāmbhōji,carnatic,"C:/Users/Sragv/MIR Carnatic raga identification/data/raw_audio/Indian Art Music Raga Recognition Dataset (audio)/RagaDataset/Carnatic/audio/b08475a2-1049-433a-be8f-105bf14718fb/K__V__Narayanaswami/K__V__Narayanaswami_concert_at_Dayton,_1993/Dinamanivamsa/Dinamanivamsa.mp3"
K__V__Narayanaswami.Saketha,K__V__Narayanaswami,Harikāmbhōji,carnatic,C:/Users/Sragv/MIR Carnatic raga identification/data/raw_audio/Indian Art Music Raga Recognition Dataset (audio)/RagaDataset/Carnatic/audio/b08475a2-1049-433a-be8f-105bf14718fb/K__V__Narayanaswami/December_Season_2001/Saketha/Saketha.mp3
T__M__Krishna.Enduku_Nirdaya,T__M__Krishna,Harikāmbhōji,carnatic,C:/Users/Sragv/MIR Carnatic raga identification/data/raw_audio/Indian Art Music Raga Recognition Dataset (audio)/RagaDataset/Carnatic/audio/b08475a2-1049-433a-be8f-105bf14718fb/T__M__Krishna/December_Season_2005/Enduku_Nirdaya/Enduku_Nirdaya.mp3
M_S__Subbulakshmi.Dinamani_Vamsha,M_S__Subbulakshmi,Harikāmbhōji,carnatic,C:/Users/Sragv/MIR Carnatic raga identification/data/raw_audio/Indian Art Music Raga Recognition Dataset (audio)/RagaDataset/Carnatic/audio/b08475a2-1049-433a-be8f-105bf14718fb/M_S__Subbulakshmi/Paddhatti/Dinamani_Vamsha/Dinamani_Vamsha.mp3
Sanjay_Subrahmanyan.Yenduku_Nirdaya,Sanjay_Subrahmanyan,Harikāmbhōji,carnatic,C:/Users/Sragv/MIR Carnatic raga identification/data/raw_audio/Indian Art Music Raga Recognition Dataset (audio)/RagaDataset/Carnatic/audio/b08475a2-1049-433a-be8f-105bf14718fb/Sanjay_Subrahmanyan/December_Season_2010/Yenduku_Nirdaya/Yenduku_Nirdaya.mp3
Sanjay_Subrahmanyan.Entara_Nitana,Sanjay_Subrahmanyan,Harikāmbhōji,carnatic,C:/Users/Sragv/MIR Carnatic raga identification/data/raw_audio/Indian Art Music Raga Recognition Dataset (audio)/RagaDataset/Carnatic/audio/b08475a2-1049-433a-be8f-105bf14718fb/Sanjay_Subrahmanyan/Live_at_Kamarajar_Hall/Entara_Nitana/Entara_Nitana.mp3
S__Ramanathan.Dinamani_Vamsha,S__Ramanathan,Harikāmbhōji,carnatic,C:/Users/Sragv/MIR Carnatic raga identification/data/raw_audio/Indian Art Music Raga Recognition Dataset (audio)/RagaDataset/Carnatic/audio/b08475a2-1049-433a-be8f-105bf14718fb/S__Ramanathan/Paddhatti/Dinamani_Vamsha/Dinamani_Vamsha.mp3
Aruna_Sairam.Dinamani_Vamsha,Aruna_Sairam,Harikāmbhōji,carnatic,C:/Users/Sragv/MIR Carnatic raga identification/data/raw_audio/Indian Art Music Raga Recognition Dataset (audio)/RagaDataset/Carnatic/audio/b08475a2-1049-433a-be8f-105bf14718fb/Aruna_Sairam/December_Season_2005/Dinamani_Vamsha/Dinamani_Vamsha.mp3
Sandeep_Narayan.Paamalai,Sandeep_Narayan,Harikāmbhōji,carnatic,C:/Users/Sragv/MIR Carnatic raga identification/data/raw_audio/Indian Art Music Raga Recognition Dataset (audio)/RagaDataset/Carnatic/audio/b08475a2-1049-433a-be8f-105bf14718fb/Sandeep_Narayan/December_Season_2011/Paamalai/Paamalai.mp3
Nisha_P_Rajagopal.Rama_Nannu_Brovaravu,Nisha_P_Rajagopal,Harikāmbhōji,carnatic,C:/Users/Sragv/MIR Carnatic raga identification/data/raw_audio/Indian Art Music Raga Recognition Dataset (audio)/RagaDataset/Carnatic/audio/b08475a2-1049-433a-be8f-105bf14718fb/Nisha_P_Rajagopal/December_Season_2008/Rama_Nannu_Brovaravu/Rama_Nannu_Brovaravu.mp3
Nisha_P_Rajagopal.Enadu_Manam,Nisha_P_Rajagopal,Harikāmbhōji,carnatic,C:/Users/Sragv/MIR Carnatic raga identification/data/raw_audio/Indian Art Music Raga Recognition Dataset (audio)/RagaDataset/Carnatic/audio/b08475a2-1049-433a-be8f-105bf14718fb/Nisha_P_Rajagopal/December_Season_2009/Enadu_Manam/Enadu_Manam.mp3
Ranjani_and_Gayathri.Undedi_Ramudu,Ranjani_and_Gayathri,Harikāmbhōji,carnatic,C:/Users/Sragv/MIR Carnatic raga identification/data/raw_audio/Indian Art Music Raga Recognition Dataset (audio)/RagaDataset/Carnatic/audio/b08475a2-1049-433a-be8f-105bf14718fb/Ranjani_and_Gayathri/Memorable_Concerts_From_Rfas_September_Season_2009/Undedi_Ramudu/Undedi_Ramudu.mp3
K__V__Narayanaswami.Marakatha_Valli,K__V__Narayanaswami,Kāṁbhōji,carnatic,C:/Users/Sragv/MIR Carnatic raga identification/data/raw_audio/Indian Art Music Raga Recognition Dataset (audio)/RagaDataset/Carnatic/audio/f0866e71-33b2-47db-ab75-0808c41f2401/K__V__Narayanaswami/K__V__Narayanaswami_concert_at_Palace_1986/Marakatha_Valli/Marakatha_Valli.mp3
K__V__Narayanaswami.Rasa_Vilasa,K__V__Narayanaswami,Kāṁbhōji,carnatic,C:/Users/Sragv/MIR Carnatic raga identification/data/raw_audio/Indian Art Music Raga Recognition Dataset (audio)/RagaDataset/Carnatic/audio/f0866e71-33b2-47db-ab75-0808c41f2401/K__V__Narayanaswami/Master_Piece_-_Live_Concert_at_Sri_Krishna_Gana_Sabha_Vol_II/Rasa_Vilasa/Rasa_Vilasa.mp3
Abhishek_Raghuram.Mahita_Pravrddha,Abhishek_Raghuram,Kāṁbhōji,carnatic,C:/Users/Sragv/MIR Carnatic raga identification/data/raw_audio/Indian Art Music Raga Recognition Dataset (audio)/RagaDataset/Carnatic/audio/f0866e71-33b2-47db-ab75-0808c41f2401/Abhishek_Raghuram/Pravrddha_Sri_Lalgudi_Pancharatna_Kritis/Mahita_Pravrddha/Mahita_Pravrddha.mp3
Musiri_Subramania_Iyer.Tiruvadicharanam,Musiri_Subramania_Iyer,Kāṁbhōji,carnatic,C:/Users/Sragv/MIR Carnatic raga identification/data/raw_audio/Indian Art Music Raga Recognition Dataset (audio)/RagaDataset/Carnatic/audio/f0866e71-33b2-47db-ab75-0808c41f2401/Musiri_Subramania_Iyer/Paddhatti/Tiruvadicharanam/Tiruvadicharanam.mp3
T__M__Krishna.Nadamadi,T__M__Krishna,Kāṁbhōji,carnatic,C:/Users/Sragv/MIR Carnatic raga identification/data/raw_audio/Indian Art Music Raga Recognition Dataset (audio)/RagaDataset/Carnatic/audio/f0866e71-33b2-47db-ab75-0808c41f2401/T__M__Krishna/December_Season_2009/Nadamadi/Nadamadi.mp3
M_S__Subbulakshmi.O_Ranga_Sai,M_S__Subbulakshmi,Kāṁbhōji,carnatic,C:/Users/Sragv/MIR Carnatic raga identification/data/raw_audio/Indian Art Music Raga Recognition Dataset (audio)/RagaDataset/Carnatic/audio/f0866e71-33b2-47db-ab75-0808c41f2401/M_S__Subbulakshmi/Paddhatti/O_Ranga_Sai/O_Ranga_Sai.mp3
Amritha_Murali.Koniyadina_Napai,Amritha_Murali,Kāṁbhōji,carnatic,C:/Users/Sragv/MIR Carnatic raga identification/data/raw_audio/Indian Art Music Raga Recognition Dataset (audio)/RagaDataset/Carnatic/audio/f0866e71-33b2-47db-ab75-0808c41f2401/Amritha_Murali/December_Season_2011/Koniyadina_Napai/Koniyadina_Napai.mp3
Sanjay_Subrahmanyan.O_Rangashayee,Sanjay_Subrahmanyan,Kāṁbhōji,carnatic,C:/Users/Sragv/MIR Carnatic raga identification/data/raw_audio/Indian Art Music Raga Recognition Dataset (audio)/RagaDataset/Carnatic/audio/f0866e71-33b2-47db-ab75-0808c41f2401/Sanjay_Subrahmanyan/Sanjay_at_Sastri_Hall/O_Rangashayee/O_Rangashayee.mp3
Sanjay_Subrahmanyan.Tiruvadicharanam,Sanjay_Subrahmanyan,Kāṁbhōji,carnatic,"C:/Users/Sragv/MIR Carnatic raga identification/data/raw_audio/Indian Art Music Raga Recognition Dataset (audio)/RagaDataset/Carnatic/audio/f0866e71-33b2-47db-ab75-0808c41f2401/Sanjay_Subrahmanyan/Kutcheri,_Live_at_Gokhale_Hall/Tiruvadicharanam/Tiruvadicharanam.mp3"
Sanjay_Subrahmanyan.Neeye_Sharan_Shanmukha,Sanjay_Subrahmanyan,Kāṁbhōji,carnatic,C:/Users/Sragv/MIR Carnatic raga identification/data/raw_audio/Indian Art Music Raga Recognition Dataset (audio)/RagaDataset/Carnatic/audio/f0866e71-33b2-47db-ab75-0808c41f2401/Sanjay_Subrahmanyan/December_Season_2006/Neeye_Sharan_Shanmukha/Neeye_Sharan_Shanmukha.mp3
Sumithra_Vasudev.Sarasijanabha,Sumithra_Vasudev,Kāṁbhōji,carnatic,C:/Users/Sragv/MIR Carnatic raga identification/data/raw_audio/Indian Art Music Raga Recognition Dataset (audio)/RagaDataset/Carnatic/audio/f0866e71-33b2-47db-ab75-0808c41f2401/Sumithra_Vasudev/December_Season_2010/Sarasijanabha/Sarasijanabha.mp3
Nithyasree_Mahadevan.Sri_Raghuvara,Nithyasree_Mahadevan,Kāṁbhōji,carnatic,C:/Users/Sragv/MIR Carnatic raga identification/data/raw_audio/Indian Art Music Raga Recognition Dataset (audio)/RagaDataset/Carnatic/audio/f0866e71-33b2-47db-ab75-0808c41f2401/Nithyasree_Mahadevan/December_Season_2002/Sri_Raghuvara/Sri_Raghuvara.mp3
Akkarai_Sisters.Koti_Janmani,Akkarai_Sisters,Rītigauḷa,carnatic,C:/Users/Sragv/MIR Carnatic raga identification/data/raw_audio/Indian Art Music Raga Recognition Dataset (audio)/RagaDataset/Carnatic/audio/4ce0b18d-f4df-41cf-9b40-9166199506b4/Akkarai_Sisters/Akkarai_Sisters_at_Arkay/Koti_Janmani/Koti_Janmani.mp3
T__M__Krishna.Cheraravade_Mi_Ra,T__M__Krishna,Rītigauḷa,carnatic,C:/Users/Sragv/MIR Carnatic raga identification/data/raw_audio/Indian Art Music Raga Recognition Dataset (audio)/RagaDataset/Carnatic/audio/4ce0b18d-f4df-41cf-9b40-9166199506b4/T__M__Krishna/December_Season_2006/Cheraravade_Mi_Ra/Cheraravade_Mi_Ra.mp3
Sanjay_Subrahmanyan.Janani,Sanjay_Subrahmanyan,Rītigauḷa,carnatic,C:/Users/Sragv/MIR Carnatic raga identification/data/raw_audio/Indian Art Music Raga Recognition Dataset (audio)/RagaDataset/Carnatic/audio/4ce0b18d-f4df-41cf-9b40-9166199506b4/Sanjay_Subrahmanyan/Sanjay_at_Sastri_Hall/Janani/Janani.mp3
Sanjay_Subrahmanyan.Raagaratna_malikache,Sanjay_Subrahmanyan,Rītigauḷa,carnatic,C:/Users/Sragv/MIR Carnatic raga identification/data/raw_audio/Indian Art Music Raga Recognition Dataset (audio)/RagaDataset/Carnatic/audio/4ce0b18d-f4df-41cf-9b40-9166199506b4/Sanjay_Subrahmanyan/December_Season_2010/Raagaratna_malikache/Raagaratna_malikache.mp3
Sangeetha_Swaminathan.Nannu_vidachi,Sangeetha_Swaminathan,Rītigauḷa,carnatic,C:/Users/Sragv/MIR Carnatic raga identification/data/raw_audio/Indian Art Music Raga Recognition Dataset (audio)/RagaDataset/Carnatic/audio/4ce0b18d-f4df-41cf-9b40-9166199506b4/Sangeetha_Swaminathan/December_Season_2010/Nannu_vidachi/Nannu_vidachi.mp3
Vasundara_Rajagopal.Ninnuvina_Marigalada,Vasundara_Rajagopal,Rītigauḷa,carnatic,C:/Users/Sragv/MIR Carnatic raga identification/data/raw_audio/Indian Art Music Raga Recognition Dataset (audio)/RagaDataset/Carnatic/audio/4ce0b18d-f4df-41cf-9b40-9166199506b4/Vasundara_Rajagopal/Vasundara_Rajagopal_at_Arkay/Ninnuvina_Marigalada/Ninnuvina_Marigalada.mp3
Aruna_Sairam.Tatvamariya_Tarama,Aruna_Sairam,Rītigauḷa,carnatic,C:/Users/Sragv/MIR Carnatic raga identification/data/raw_audio/Indian Art Music Raga Recognition Dataset (audio)/RagaDataset/Carnatic/audio/4ce0b18d-f4df-41cf-9b40-9166199506b4/Aruna_Sairam/Madrasil_Margazhi_2006/Tatvamariya_Tarama/Tatvamariya_Tarama.mp3
Amrutha_Venkatesh.Janani_Ninnu_Vina,Amrutha_Venkatesh,Rītigauḷa,carnatic,C:/Users/Sragv/MIR Carnatic raga identification/data/raw_audio/Indian Art Music Raga Recognition Dataset (audio)/RagaDataset/Carnatic/audio/4ce0b18d-f4df-41cf-9b40-9166199506b4/Amrutha_Venkatesh/December_Season_2008/Janani_Ninnu_Vina/Janani_Ninnu_Vina.mp3
Sandeep_Narayan.Vanajaksha,Sandeep_Narayan,Rītigauḷa,carnatic,C:/Users/Sragv/MIR Carnatic raga identification/data/raw_audio/Indian Art Music Raga Recognition Dataset (audio)/RagaDataset/Carnatic/audio/4ce0b18d-f4df-41cf-9b40-9166199506b4/Sandeep_Narayan/December_Season_2011/Vanajaksha/Vanajaksha.mp3
Sikkil_Gurucharan.Nannu_Vidachi,Sikkil_Gurucharan,Rītigauḷa,carnatic,C:/Users/Sragv/MIR Carnatic raga identification/data/raw_audio/Indian Art Music Raga Recognition Dataset (audio)/RagaDataset/Carnatic/audio/4ce0b18d-f4df-41cf-9b40-9166199506b4/Sikkil_Gurucharan/December_Season_2006/Nannu_Vidachi/Nannu_Vidachi.mp3
Kunnakkudi_M_Balamuralikrishna.Oraru_Mugane,Kunnakkudi_M_Balamuralikrishna,Rītigauḷa,carnatic,C:/Users/Sragv/MIR Carnatic raga identification/data/raw_audio/Indian Art Music Raga Recognition Dataset (audio)/RagaDataset/Carnatic/audio/4ce0b18d-f4df-41cf-9b40-9166199506b4/Kunnakkudi_M_Balamuralikrishna/December_Season_2009/Oraru_Mugane/Oraru_Mugane.mp3
Nisha_P_Rajagopal.Dvaitamu,Nisha_P_Rajagopal,Rītigauḷa,carnatic,C:/Users/Sragv/MIR Carnatic raga identification/data/raw_audio/Indian Art Music Raga Recognition Dataset (audio)/RagaDataset/Carnatic/audio/4ce0b18d-f4df-41cf-9b40-9166199506b4/Nisha_P_Rajagopal/December_Season_2003/Dvaitamu/Dvaitamu.mp3
K__V__Narayanaswami.Sreenivasa_Thavacharanam,K__V__Narayanaswami,Karaharapriya,carnatic,C:/Users/Sragv/MIR Carnatic raga identification/data/raw_audio/Indian Art Music Raga Recognition Dataset (audio)/RagaDataset/Carnatic/audio/f972db4d-5d16-4f9a-9841-f313e1601aaa/K__V__Narayanaswami/K__V__Narayanaswami_concert_at_Bangalore_1987/Sreenivasa_Thavacharanam/Sreenivasa_Thavacharanam.mp3
K__V__Narayanaswami.Satatam_Tavaka,K__V__Narayanaswami,Karaharapriya,carnatic,C:/Users/Sragv/MIR Carnatic raga identification/data/raw_audio/Indian Art Music Raga Recognition Dataset (audio)/RagaDataset/Carnatic/audio/f972db4d-5d16-4f9a-9841-f313e1601aaa/K__V__Narayanaswami/Paddhatti/Satatam_Tavaka/Satatam_Tavaka.mp3
Semmangudi_Srinivasa_Iyer.Rama_Nee_Samanamevaru,Semmangudi_Srinivasa_Iyer,Karaharapriya,carnatic,C:/Users/Sragv/MIR Carnatic raga identification/data/raw_audio/Indian Art Music Raga Recognition Dataset (audio)/RagaDataset/Carnatic/audio/f972db4d-5d16-4f9a-9841-f313e1601aaa/Semmangudi_Srinivasa_Iyer/Paramatmakam/Rama_Nee_Samanamevaru/Rama_Nee_Samanamevaru.mp3
Nedunuri_Krishnamurthy.Chakkani_Raja,Nedunuri_Krishnamurthy,Karaharapriya,carnatic,C:/Users/Sragv/MIR Carnatic raga identification/data/raw_audio/Indian Art Music Raga Recognition Dataset (audio)/RagaDataset/Carnatic/audio/f972db4d-5d16-4f9a-9841-f313e1601aaa/Nedunuri_Krishnamurthy/Paddhatti/Chakkani_Raja/Chakkani_Raja.mp3
Prasanna_Venkataraman.Sivanar_Manam,Prasanna_Venkataraman,Karaharapriya,carnatic,C:/Users/Sragv/MIR Carnatic raga identification/data/raw_audio/Indian Art Music Raga Recognition Dataset (audio)/RagaDataset/Carnatic/audio/f972db4d-5d16-4f9a-9841-f313e1601aaa/Prasanna_Venkataraman/December_Season_2009/Sivanar_Manam/Sivanar_Manam.mp3
T__M__Krishna.Navasiddhi_Petralum,T__M__Krishna,Karaharapriya,carnatic,C:/Users/Sragv/MIR Carnatic raga identification/data/raw_audio/Indian Art Music Raga Recognition Dataset (audio)/RagaDataset/Carnatic/audio/f972db4d-5d16-4f9a-9841-f313e1601aaa/T__M__Krishna/Madrasil_Margazhi_2006/Navasiddhi_Petralum/Navasiddhi_Petralum.mp3
Amritha_Murali.Pakkala_Nilabadi,Amritha_Murali,Karaharapriya,carnatic,C:/Users/Sragv/MIR Carnatic raga identification/data/raw_audio/Indian Art Music Raga Recognition Dataset (audio)/RagaDataset/Carnatic/audio/f972db4d-5d16-4f9a-9841-f313e1601aaa/Amritha_Murali/December_Season_2010/Pakkala_Nilabadi/Pakkala_Nilabadi.mp3
Aruna_Sairam.Chakkani_Raja,Aruna_Sairam,Karaharapriya,carnatic,C:/Users/Sragv/MIR Carnatic raga identification/data/raw_audio/Indian Art Music Raga Recognition Dataset (audio)/RagaDataset/Carnatic/audio/f972db4d-5d16-4f9a-9841-f313e1601aaa/Aruna_Sairam/December_Season_2005/Chakkani_Raja/Chakkani_Raja.mp3
Sikkil_Gurucharan.Pakkala_Nilabadi,Sikkil_Gurucharan,Karaharapriya,carnatic,C:/Users/Sragv/MIR Carnatic raga identification/data/raw_audio/Indian Art Music Raga Recognition Dataset (audio)/RagaDataset/Carnatic/audio/f972db4d-5d16-4f9a-9841-f313e1601aaa/Sikkil_Gurucharan/December_Season_2008/Pakkala_Nilabadi/Pakkala_Nilabadi.mp3
KP_Nandini.Janakipathe_Jaya_Karunya_Jaladhe,KP_Nandini,Karaharapriya,carnatic,C:/Users/Sragv/MIR Carnatic raga identification/data/raw_audio/Indian Art Music Raga Recognition Dataset (audio)/RagaDataset/Carnatic/audio/f972db4d-5d16-4f9a-9841-f313e1601aaa/KP_Nandini/KP_Nandini_at_Arkay/Janakipathe_Jaya_Karunya_Jaladhe/Janakipathe_Jaya_Karunya_Jaladhe.mp3
R_Vedavalli.Oru_murai_darishanam,R_Vedavalli,Karaharapriya,carnatic,C:/Users/Sragv/MIR Carnatic raga identification/data/raw_audio/Indian Art Music Raga Recognition Dataset (audio)/RagaDataset/Carnatic/audio/f972db4d-5d16-4f9a-9841-f313e1601aaa/R_Vedavalli/Kutcheri/Oru_murai_darishanam/Oru_murai_darishanam.mp3
Gayathri_Venkataraghavan.Satatam_Tavaka,Gayathri_Venkataraghavan,Karaharapriya,carnatic,C:/Users/Sragv/MIR Carnatic raga identification/data/raw_audio/Indian Art Music Raga Recognition Dataset (audio)/RagaDataset/Carnatic/audio/f972db4d-5d16-4f9a-9841-f313e1601aaa/Gayathri_Venkataraghavan/December_Season_2011/Satatam_Tavaka/Satatam_Tavaka.mp3
K__V__Narayanaswami.Evarura,K__V__Narayanaswami,Mōhanaṁ,carnatic,C:/Users/Sragv/MIR Carnatic raga identification/data/raw_audio/Indian Art Music Raga Recognition Dataset (audio)/RagaDataset/Carnatic/audio/39821826-3327-41d7-9cd5-e22fe7b08360/K__V__Narayanaswami/Collectors_Choice/Evarura/Evarura.mp3
Chaitra_Sairam.Rakta_Ganapatim,Chaitra_Sairam,Mōhanaṁ,carnatic,C:/Users/Sragv/MIR Carnatic raga identification/data/raw_audio/Indian Art Music Raga Recognition Dataset (audio)/RagaDataset/Carnatic/audio/39821826-3327-41d7-9cd5-e22fe7b08360/Chaitra_Sairam/Chaitra_Sairam_at_Arkay/Rakta_Ganapatim/Rakta_Ganapatim.mp3
Prasanna_Venkataraman.Maruvakadaya,Prasanna_Venkataraman,Mōhanaṁ,carnatic,C:/Users/Sragv/MIR Carnatic raga identification/data/raw_audio/Indian Art Music Raga Recognition Dataset (audio)/RagaDataset/Carnatic/audio/39821826-3327-41d7-9cd5-e22fe7b08360/Prasanna_Venkataraman/December_Season_2008/Maruvakadaya/Maruvakadaya.mp3
Prasanna_Venkataraman.Rama_Ninne,Prasanna_Venkataraman,Mōhanaṁ,carnatic,C:/Users/Sragv/MIR Carnatic raga identification/data/raw_audio/Indian Art Music Raga Recognition Dataset (audio)/RagaDataset/Carnatic/audio/39821826-3327-41d7-9cd5-e22fe7b08360/Prasanna_Venkataraman/December_Season_2007/Rama_Ninne/Rama_Ninne.mp3
Prasanna_Venkataraman.Nannupalimpa,Prasanna_Venkataraman,Mōhanaṁ,carnatic,C:/Users/Sragv/MIR Carnatic raga identification/data/raw_audio/Indian Art Music Raga Recognition Dataset (audio)/RagaDataset/Carnatic/audio/39821826-3327-41d7-9cd5-e22fe7b08360/Prasanna_Venkataraman/December_Season_2009/Nannupalimpa/Nannupalimpa.mp3
Prasanna_Venkataraman.Narayana_Divya_namam,Prasanna_Venkataraman,Mōhanaṁ,carnatic,C:/Users/Sragv/MIR Carnatic raga identification/data/raw_audio/Indian Art Music Raga Recognition Dataset (audio)/RagaDataset/Carnatic/audio/39821826-3327-41d7-9cd5-e22fe7b08360/Prasanna_Venkataraman/December_Season_2011/Narayana_Divya_namam/Narayana_Divya_namam.mp3
Sanjay_Subrahmanyan.Kapali,Sanjay_Subrahmanyan,Mōhanaṁ,carnatic,"C:/Users/Sragv/MIR Carnatic raga identification/data/raw_audio/Indian Art Music Raga Recognition Dataset (audio)/RagaDataset/Carnatic/audio/39821826-3327-41d7-9cd5-e22fe7b08360/Sanjay_Subrahmanyan/Kutcheri,_Live_at_Gokhale_Hall/Kapali/Kapali.mp3"
Sanjay_Subrahmanyan.Mohana_Rama,Sanjay_Subrahmanyan,Mōhanaṁ,carnatic,C:/Users/Sragv/MIR Carnatic raga identification/data/raw_audio/Indian Art Music Raga Recognition Dataset (audio)/RagaDataset/Carnatic/audio/39821826-3327-41d7-9cd5-e22fe7b08360/Sanjay_Subrahmanyan/December_Season_2001/Mohana_Rama/Mohana_Rama.mp3
Sangeetha_Swaminathan.Pahimam_Parvati,Sangeetha_Swaminathan,Mōhanaṁ,carnatic,C:/Users/Sragv/MIR Carnatic raga identification/data/raw_audio/Indian Art Music Raga Recognition Dataset (audio)/RagaDataset/Carnatic/audio/39821826-3327-41d7-9cd5-e22fe7b08360/Sangeetha_Swaminathan/December_Season_2011/Pahimam_Parvati/Pahimam_Parvati.mp3
Sumithra_Vasudev.Mati_Matiki,Sumithra_Vasudev,Mōhanaṁ,carnatic,C:/Users/Sragv/MIR Carnatic raga identification/data/raw_audio/Indian Art Music Raga Recognition Dataset (audio)/RagaDataset/Carnatic/audio/39821826-3327-41d7-9cd5-e22fe7b08360/Sumithra_Vasudev/Sumitra_Vasudev_at_Arkay/Mati_Matiki/Mati_Matiki.mp3
Amrutha_Venkatesh.Vandaan_Vandaan_Bharatha,Amrutha_Venkatesh,Mōhanaṁ,carnatic,C:/Users/Sragv/MIR Carnatic raga identification/data/raw_audio/Indian Art Music Raga Recognition Dataset (audio)/RagaDataset/Carnatic/audio/39821826-3327-41d7-9cd5-e22fe7b08360/Amrutha_Venkatesh/December_Season_2010/Vandaan_Vandaan_Bharatha/Vandaan_Vandaan_Bharatha.mp3
Kunnakkudi_M_Balamuralikrishna.Nannu_Palimpa,Kunnakkudi_M_Balamuralikrishna,Mōhanaṁ,carnatic,C:/Users/Sragv/MIR Carnatic raga identification/data/raw_audio/Indian Art Music Raga Recognition Dataset (audio)/RagaDataset/Carnatic/audio/39821826-3327-41d7-9cd5-e22fe7b08360/Kunnakkudi_M_Balamuralikrishna/December_Season_2007/Nannu_Palimpa/Nannu_Palimpa.mp3
D__K__Jayaraman.Thaye_Ezhai,D__K__Jayaraman,Bhairavi,carnatic,C:/Users/Sragv/MIR Carnatic raga identification/data/raw_audio/Indian Art Music Raga Recognition Dataset (audio)/RagaDataset/Carnatic/audio/123b09bd-9901-4e64-a65a-10b02c9e0597/D__K__Jayaraman/Paddhatti_Live_In_Concert_1990/Thaye_Ezhai/Thaye_Ezhai.mp3
T__M__Krishna.Viriboni,T__M__Krishna,Bhairavi,carnatic,C:/Users/Sragv/MIR Carnatic raga identification/data/raw_audio/Indian Art Music Raga Recognition Dataset (audio)/RagaDataset/Carnatic/audio/123b09bd-9901-4e64-a65a-10b02c9e0597/T__M__Krishna/December_Season_1999/Viriboni/Viriboni.mp3
T__M__Krishna.Balagopala_Special_Note_by_T_M_Krishna,T__M__Krishna,Bhairavi,carnatic,C:/Users/Sragv/MIR Carnatic raga identification/data/raw_audio/Indian Art Music Raga Recognition Dataset (audio)/RagaDataset/Carnatic/audio/123b09bd-9901-4e64-a65a-10b02c9e0597/T__M__Krishna/December_Season_2009/Balagopala_Special_Note_by_T_M_Krishna/Balagopala_Special_Note_by_T_M_Krishna.mp3
Amritha_Murali.Upacharamu,Amritha_Murali,Bhairavi,carnatic,C:/Users/Sragv/MIR Carnatic raga identification/data/raw_audio/Indian Art Music Raga Recognition Dataset (audio)/RagaDataset/Carnatic/audio/123b09bd-9901-4e64-a65a-10b02c9e0597/Amritha_Murali/December_Season_2008/Upacharamu/Upacharamu.mp3
Amritha_Murali.Enati_Nomu_Phalamu,Amritha_Murali,Bhairavi,carnatic,C:/Users/Sragv/MIR Carnatic raga identification/data/raw_audio/Indian Art Music Raga Recognition Dataset (audio)/RagaDataset/Carnatic/audio/123b09bd-9901-4e64-a65a-10b02c9e0597/Amritha_Murali/December_Season_2009/Enati_Nomu_Phalamu/Enati_Nomu_Phalamu.mp3
Sanjay_Subrahmanyan.Kamakshi,Sanjay_Subrahmanyan,Bhairavi,carnatic,C:/Users/Sragv/MIR Carnatic raga identification/data/raw_audio/Indian Art Music Raga Recognition Dataset (audio)/RagaDataset/Carnatic/audio/123b09bd-9901-4e64-a65a-10b02c9e0597/Sanjay_Subrahmanyan/Live_at_Kamarajar_Hall/Kamakshi/Kamakshi.mp3
Bombay_Jayashri.Sri_Raghuvara_Sugunalaya,Bombay_Jayashri,Bhairavi,carnatic,C:/Users/Sragv/MIR Carnatic raga identification/data/raw_audio/Indian Art Music Raga Recognition Dataset (audio)/RagaDataset/Carnatic/audio/123b09bd-9901-4e64-a65a-10b02c9e0597/Bombay_Jayashri/Madrasil_Margazhi_2006/Sri_Raghuvara_Sugunalaya/Sri_Raghuvara_Sugunalaya.mp3
Sikkil_Gurucharan.Keechu_Keechu,Sikkil_Gurucharan,Bhairavi,carnatic,C:/Users/Sragv/MIR Carnatic raga identification/data/raw_audio/Indian Art Music Raga Recognition Dataset (audio)/RagaDataset/Carnatic/audio/123b09bd-9901-4e64-a65a-10b02c9e0597/Sikkil_Gurucharan/December_Season_2006/Keechu_Keechu/Keechu_Keechu.mp3
Rithvik_Raja.Chintayama_Kanda,Rithvik_Raja,Bhairavi,carnatic,C:/Users/Sragv/MIR Carnatic raga identification/data/raw_audio/Indian Art Music Raga Recognition Dataset (audio)/RagaDataset/Carnatic/audio/123b09bd-9901-4e64-a65a-10b02c9e0597/Rithvik_Raja/Rithvik_Raja_at_Arkay/Chintayama_Kanda/Chintayama_Kanda.mp3
Nisha_P_Rajagopal.Raksha_Bettare,Nisha_P_Rajagopal,Bhairavi,carnatic,C:/Users/Sragv/MIR Carnatic raga identification/data/raw_audio/Indian Art Music Raga Recognition Dataset (audio)/RagaDataset/Carnatic/audio/123b09bd-9901-4e64-a65a-10b02c9e0597/Nisha_P_Rajagopal/December_Season_2009/Raksha_Bettare/Raksha_Bettare.mp3
Gayathri_Venkataraghavan.Ni_Pada_Mule,Gayathri_Venkataraghavan,Bhairavi,carnatic,C:/Users/Sragv/MIR Carnatic raga identification/data/raw_audio/Indian Art Music Raga Recognition Dataset (audio)/RagaDataset/Carnatic/audio/123b09bd-9901-4e64-a65a-10b02c9e0597/Gayathri_Venkataraghavan/December_Season_2008/Ni_Pada_Mule/Ni_Pada_Mule.mp3
Gayathri_Venkataraghavan.Sariyevaramma,Gayathri_Venkataraghavan,Bhairavi,carnatic,C:/Users/Sragv/MIR Carnatic raga identification/data/raw_audio/Indian Art Music Raga Recognition Dataset (audio)/RagaDataset/Carnatic/audio/123b09bd-9901-4e64-a65a-10b02c9e0597/Gayathri_Venkataraghavan/December_Season_2001/Sariyevaramma/Sariyevaramma.mp3
Prasanna_Venkataraman.Karunimpa_Idi_Manchi,Prasanna_Venkataraman,Sahānā,carnatic,C:/Users/Sragv/MIR Carnatic raga identification/data/raw_audio/Indian Art Music Raga Recognition Dataset (audio)/RagaDataset/Carnatic/audio/993d6cf6-dc89-4d23-9a9f-8eeed1524872/Prasanna_Venkataraman/December_Season_2011/Karunimpa_Idi_Manchi/Karunimpa_Idi_Manchi.mp3
Amritha_Murali.Raghupate_Rama,Amritha_Murali,Sahānā,carnatic,C:/Users/Sragv/MIR Carnatic raga identification/data/raw_audio/Indian Art Music Raga Recognition Dataset (audio)/RagaDataset/Carnatic/audio/993d6cf6-dc89-4d23-9a9f-8eeed1524872/Amritha_Murali/December_Season_2010/Raghupate_Rama/Raghupate_Rama.mp3
Sanjay_Subrahmanyan.Varnam_-_Evvaremi,Sanjay_Subrahmanyan,Sahānā,carnatic,C:/Users/Sragv/MIR Carnatic raga identification/data/raw_audio/Indian Art Music Raga Recognition Dataset (audio)/RagaDataset/Carnatic/audio/993d6cf6-dc89-4d23-9a9f-8eeed1524872/Sanjay_Subrahmanyan/December_Season_2010/Varnam_-_Evvaremi/Varnam_-_Evvaremi.mp3
Sanjay_Subrahmanyan.Sri_Kamalambikayam,Sanjay_Subrahmanyan,Sahānā,carnatic,C:/Users/Sragv/MIR Carnatic raga identification/data/raw_audio/Indian Art Music Raga Recognition Dataset (audio)/RagaDataset/Carnatic/audio/993d6cf6-dc89-4d23-9a9f-8eeed1524872/Sanjay_Subrahmanyan/Live_Waves_from_Melbourne/Sri_Kamalambikayam/Sri_Kamalambikayam.mp3
Aruna_Sairam.Karunimpa_Idi_Manchi,Aruna_Sairam,Sahānā,carnatic,C:/Users/Sragv/MIR Carnatic raga identification/data/raw_audio/Indian Art Music Raga Recognition Dataset (audio)/RagaDataset/Carnatic/audio/993d6cf6-dc89-4d23-9a9f-8eeed1524872/Aruna_Sairam/December_Season_2006/Karunimpa_Idi_Manchi/Karunimpa_Idi_Manchi.mp3
Amrutha_Venkatesh.Karunimpa_Idi_Manchi,Amrutha_Venkatesh,Sahānā,carnatic,C:/Users/Sragv/MIR Carnatic raga identification/data/raw_audio/Indian Art Music Raga Recognition Dataset (audio)/RagaDataset/Carnatic/audio/993d6cf6-dc89-4d23-9a9f-8eeed1524872/Amrutha_Venkatesh/December_Season_2007/Karunimpa_Idi_Manchi/Karunimpa_Idi_Manchi.mp3
T__Brinda.Emanadichevo,T__Brinda,Sahānā,carnatic,C:/Users/Sragv/MIR Carnatic raga identification/data/raw_audio/Indian Art Music Raga Recognition Dataset (audio)/RagaDataset/Carnatic/audio/993d6cf6-dc89-4d23-9a9f-8eeed1524872/T__Brinda/All_Time_Favourites_-_Vol_4/Emanadichevo/Emanadichevo.mp3
Sikkil_Gurucharan.Chittam_Irrangadenaiyya,Sikkil_Gurucharan,Sahānā,carnatic,C:/Users/Sragv/MIR Carnatic raga identification/data/raw_audio/Indian Art Music Raga Recognition Dataset (audio)/RagaDataset/Carnatic/audio/993d6cf6-dc89-4d23-9a9f-8eeed1524872/Sikkil_Gurucharan/December_Season_2005/Chittam_Irrangadenaiyya/Chittam_Irrangadenaiyya.mp3
Maharajapuram_Santhanam.Sri_Vatapi,Maharajapuram_Santhanam,Sahānā,carnatic,C:/Users/Sragv/MIR Carnatic raga identification/data/raw_audio/Indian Art Music Raga Recognition Dataset (audio)/RagaDataset/Carnatic/audio/993d6cf6-dc89-4d23-9a9f-8eeed1524872/Maharajapuram_Santhanam/Paddhatti/Sri_Vatapi/Sri_Vatapi.mp3
Nisha_P_Rajagopal.Karunimpa_Idi_Manchi,Nisha_P_Rajagopal,Sahānā,carnatic,C:/Users/Sragv/MIR Carnatic raga identification/data/raw_audio/Indian Art Music Raga Recognition Dataset (audio)/RagaDataset/Carnatic/audio/993d6cf6-dc89-4d23-9a9f-8eeed1524872/Nisha_P_Rajagopal/December_Season_2003/Karunimpa_Idi_Manchi/Karunimpa_Idi_Manchi.mp3
O__S__Thyagarajan.Vandanamu,O__S__Thyagarajan,Sahānā,carnatic,"C:/Users/Sragv/MIR Carnatic raga identification/data/raw_audio/Indian Art Music Raga Recognition Dataset (audio)/RagaDataset/Carnatic/audio/993d6cf6-dc89-4d23-9a9f-8eeed1524872/O__S__Thyagarajan/Live_At_Sree_Rama_Seva_Mandali,_Bangalore/Vandanamu/Vandanamu.mp3"
Ramnad_Krishnan.Rama_Ika_Nannu,Ramnad_Krishnan,Sahānā,carnatic,C:/Users/Sragv/MIR Carnatic raga identification/data/raw_audio/Indian Art Music Raga Recognition Dataset (audio)/RagaDataset/Carnatic/audio/993d6cf6-dc89-4d23-9a9f-8eeed1524872/Ramnad_Krishnan/Ramnad_Krishnan_concert_at_Music_Academy_1960/Rama_Ika_Nannu/Rama_Ika_Nannu.mp3
T__M__Krishna.Vazhi_Maraittirukkude,T__M__Krishna,Tōḍi,carnatic,C:/Users/Sragv/MIR Carnatic raga identification/data/raw_audio/Indian Art Music Raga Recognition Dataset (audio)/RagaDataset/Carnatic/audio/a9413dff-91d1-4e29-ad92-c04019dce5b8/T__M__Krishna/December_Season_1999/Vazhi_Maraittirukkude/Vazhi_Maraittirukkude.mp3
T__M__Krishna.Dasarathi_Ni,T__M__Krishna,Tōḍi,carnatic,C:/Users/Sragv/MIR Carnatic raga identification/data/raw_audio/Indian Art Music Raga Recognition Dataset (audio)/RagaDataset/Carnatic/audio/a9413dff-91d1-4e29-ad92-c04019dce5b8/T__M__Krishna/Madrasil_Margazhi_2006/Dasarathi_Ni/Dasarathi_Ni.mp3
T__M__Krishna.Dachchuko_Valena_Dasharathi,T__M__Krishna,Tōḍi,carnatic,C:/Users/Sragv/MIR Carnatic raga identification/data/raw_audio/Indian Art Music Raga Recognition Dataset (audio)/RagaDataset/Carnatic/audio/a9413dff-91d1-4e29-ad92-c04019dce5b8/T__M__Krishna/December_Season_2005/Dachchuko_Valena_Dasharathi/Dachchuko_Valena_Dasharathi.mp3
Amritha_Murali.Karuna_Judavamma,Amritha_Murali,Tōḍi,carnatic,C:/Users/Sragv/MIR Carnatic raga identification/data/raw_audio/Indian Art Music Raga Recognition Dataset (audio)/RagaDataset/Carnatic/audio/a9413dff-91d1-4e29-ad92-c04019dce5b8/Amritha_Murali/December_Season_2008/Karuna_Judavamma/Karuna_Judavamma.mp3
Sanjay_Subrahmanyan.Tanigai_Valar,Sanjay_Subrahmanyan,Tōḍi,carnatic,C:/Users/Sragv/MIR Carnatic raga identification/data/raw_audio/Indian Art Music Raga Recognition Dataset (audio)/RagaDataset/Carnatic/audio/a9413dff-91d1-4e29-ad92-c04019dce5b8/Sanjay_Subrahmanyan/December_Season_2001/Tanigai_Valar/Tanigai_Valar.mp3
Sanjay_Subrahmanyan.Varnam_Eranapai_Inta,Sanjay_Subrahmanyan,Tōḍi,carnatic,C:/Users/Sragv/MIR Carnatic raga identification/data/raw_audio/Indian Art Music Raga Recognition Dataset (audio)/RagaDataset/Carnatic/audio/a9413dff-91d1-4e29-ad92-c04019dce5b8/Sanjay_Subrahmanyan/December_Season_2010/Varnam_Eranapai_Inta/Varnam_Eranapai_Inta.mp3
Sangeetha_Swaminathan.Jesina_Della,Sangeetha_Swaminathan,Tōḍi,carnatic,C:/Users/Sragv/MIR Carnatic raga identification/data/raw_audio/Indian Art Music Raga Recognition Dataset (audio)/RagaDataset/Carnatic/audio/a9413dff-91d1-4e29-ad92-c04019dce5b8/Sangeetha_Swaminathan/December_Season_2009/Jesina_Della/Jesina_Della.mp3
Bombay_Jayashri.Emi_Jesite_Nemi,Bombay_Jayashri,Tōḍi,carnatic,C:/Users/Sragv/MIR Carnatic raga identification/data/raw_audio/Indian Art Music Raga Recognition Dataset (audio)/RagaDataset/Carnatic/audio/a9413dff-91d1-4e29-ad92-c04019dce5b8/Bombay_Jayashri/December_Season_2008/Emi_Jesite_Nemi/Emi_Jesite_Nemi.mp3
Rithvik_Raja.Emani_Migula,Rithvik_Raja,Tōḍi,carnatic,C:/Users/Sragv/MIR Carnatic raga identification/data/raw_audio/Indian Art Music Raga Recognition Dataset (audio)/RagaDataset/Carnatic/audio/a9413dff-91d1-4e29-ad92-c04019dce5b8/Rithvik_Raja/Rithvik_Raja_at_Arkay/Emani_Migula/Emani_Migula.mp3
Kunnakkudi_M_Balamuralikrishna.Kaddanu_Variki,Kunnakkudi_M_Balamuralikrishna,Tōḍi,carnatic,C:/Users/Sragv/MIR Carnatic raga identification/data/raw_audio/Indian Art Music Raga Recognition Dataset (audio)/RagaDataset/Carnatic/audio/a9413dff-91d1-4e29-ad92-c04019dce5b8/Kunnakkudi_M_Balamuralikrishna/December_Season_2008/Kaddanu_Variki/Kaddanu_Variki.mp3
Nithyasree_Mahadevan.Sri_Krishnam_Bhaja,Nithyasree_Mahadevan,Tōḍi,carnatic,C:/Users/Sragv/MIR Carnatic raga identification/data/raw_audio/Indian Art Music Raga Recognition Dataset (audio)/RagaDataset/Carnatic/audio/a9413dff-91d1-4e29-ad92-c04019dce5b8/Nithyasree_Mahadevan/December_Season_2008/Sri_Krishnam_Bhaja/Sri_Krishnam_Bhaja.mp3
Nisha_P_Rajagopal.Ninne_Nammi_Naanu,Nisha_P_Rajagopal,Tōḍi,carnatic,C:/Users/Sragv/MIR Carnatic raga identification/data/raw_audio/Indian Art Music Raga Recognition Dataset (audio)/RagaDataset/Carnatic/audio/a9413dff-91d1-4e29-ad92-c04019dce5b8/Nisha_P_Rajagopal/December_Season_2008/Ninne_Nammi_Naanu/Ninne_Nammi_Naanu.mp3
T__M__Krishna.Minalochana_Brova,T__M__Krishna,Dhanyāsi,carnatic,C:/Users/Sragv/MIR Carnatic raga identification/data/raw_audio/Indian Art Music Raga Recognition Dataset (audio)/RagaDataset/Carnatic/audio/5ce23030-f71d-4f5d-9d76-f91c2c182392/T__M__Krishna/December_Season_2008/Minalochana_Brova/Minalochana_Brova.mp3
Sanjay_Subrahmanyan.Minalocana,Sanjay_Subrahmanyan,Dhanyāsi,carnatic,C:/Users/Sragv/MIR Carnatic raga identification/data/raw_audio/Indian Art Music Raga Recognition Dataset (audio)/RagaDataset/Carnatic/audio/5ce23030-f71d-4f5d-9d76-f91c2c182392/Sanjay_Subrahmanyan/Live_in_USA_-_Sanjay_Subrahmanyan/Minalocana/Minalocana.mp3
Sumithra_Vasudev.Ramabhi_Rama_Manasu,Sumithra_Vasudev,Dhanyāsi,carnatic,C:/Users/Sragv/MIR Carnatic raga identification/data/raw_audio/Indian Art Music Raga Recognition Dataset (audio)/RagaDataset/Carnatic/audio/5ce23030-f71d-4f5d-9d76-f91c2c182392/Sumithra_Vasudev/Sumitra_Vasudev_at_Arkay/Ramabhi_Rama_Manasu/Ramabhi_Rama_Manasu.mp3
Sumithra_Vasudev.Dhyaname,Sumithra_Vasudev,Dhanyāsi,carnatic,C:/Users/Sragv/MIR Carnatic raga identification/data/raw_audio/Indian Art Music Raga Recognition Dataset (audio)/RagaDataset/Carnatic/audio/5ce23030-f71d-4f5d-9d76-f91c2c182392/Sumithra_Vasudev/December_Season_2010/Dhyaname/Dhyaname.mp3
Sumithra_Vasudev.Ni_Cittamu,Sumithra_Vasudev,Dhanyāsi,carnatic,C:/Users/Sragv/MIR Carnatic raga identification/data/raw_audio/Indian Art Music Raga Recognition Dataset (audio)/RagaDataset/Carnatic/audio/5ce23030-f71d-4f5d-9d76-f91c2c182392/Sumithra_Vasudev/Tasmai_Sri_Gurave_Namaha/Ni_Cittamu/Ni_Cittamu.mp3
Aruna_Sairam.Kanakasabhapati,Aruna_Sairam,Dhanyāsi,carnatic,C:/Users/Sragv/MIR Carnatic raga identification/data/raw_audio/Indian Art Music Raga Recognition Dataset (audio)/RagaDataset/Carnatic/audio/5ce23030-f71d-4f5d-9d76-f91c2c182392/Aruna_Sairam/December_Season_2002/Kanakasabhapati/Kanakasabhapati.mp3
T__Brinda.Nee_Chittamu,T__Brinda,Dhanyāsi,carnatic,C:/Users/Sragv/MIR Carnatic raga identification/data/raw_audio/Indian Art Music Raga Recognition Dataset (audio)/RagaDataset/Carnatic/audio/5ce23030-f71d-4f5d-9d76-f91c2c182392/T__Brinda/All_Time_Favourites_-_Vol_4/Nee_Chittamu/Nee_Chittamu.mp3
T__Brinda.Talachina,T__Brinda,Dhanyāsi,carnatic,C:/Users/Sragv/MIR Carnatic raga identification/data/raw_audio/Indian Art Music Raga Recognition Dataset (audio)/RagaDataset/Carnatic/audio/5ce23030-f71d-4f5d-9d76-f91c2c182392/T__Brinda/All_Time_Favourites_-_Vol_2/Talachina/Talachina.mp3
Ranjani_Guruprasad.Shyamasundaranga,Ranjani_Guruprasad,Dhanyāsi,carnatic,C:/Users/Sragv/MIR Carnatic raga identification/data/raw_audio/Indian Art Music Raga Recognition Dataset (audio)/RagaDataset/Carnatic/audio/5ce23030-f71d-4f5d-9d76-f91c2c182392/Ranjani_Guruprasad/December_Season_2010/Shyamasundaranga/Shyamasundaranga.mp3
Vijay_Siva.Rama_Dayajudave,Vijay_Siva,Dhanyāsi,carnatic,C:/Users/Sragv/MIR Carnatic raga identification/data/raw_audio/Indian Art Music Raga Recognition Dataset (audio)/RagaDataset/Carnatic/audio/5ce23030-f71d-4f5d-9d76-f91c2c182392/Vijay_Siva/Madrasil_Margazhi_2006/Rama_Dayajudave/Rama_Dayajudave.mp3
Gayathri_Venkataraghavan.Vani_Arul,Gayathri_Venkataraghavan,Dhanyāsi,carnatic,C:/Users/Sragv/MIR Carnatic raga identification/data/raw_audio/Indian Art Music Raga Recognition Dataset (audio)/RagaDataset/Carnatic/audio/5ce23030-f71d-4f5d-9d76-f91c2c182392/Gayathri_Venkataraghavan/December_Season_2008/Vani_Arul/Vani_Arul.mp3
Gayathri_Venkataraghavan.Kundram_Endi_-_Balakrishnan_Pada_Malar,Gayathri_Venkataraghavan,Dhanyāsi,carnatic,C:/Users/Sragv/MIR Carnatic raga identification/data/raw_audio/Indian Art Music Raga Recognition Dataset (audio)/RagaDataset/Carnatic/audio/5ce23030-f71d-4f5d-9d76-f91c2c182392/Gayathri_Venkataraghavan/December_Season_2005/Kundram_Endi_-_Balakrishnan_Pada_Malar/Kundram_Endi_-_Balakrishnan_Pada_Malar.mp3
Prasanna_Venkataraman.Vizhikkuttunai,Prasanna_Venkataraman,Kāpi,carnatic,C:/Users/Sragv/MIR Carnatic raga identification/data/raw_audio/Indian Art Music Raga Recognition Dataset (audio)/RagaDataset/Carnatic/audio/09c179f3-8b19-4792-a852-e9fa0090e409/Prasanna_Venkataraman/December_Season_2007/Vizhikkuttunai/Vizhikkuttunai.mp3
M_S__Subbulakshmi.Jagadoddharan,M_S__Subbulakshmi,Kāpi,carnatic,C:/Users/Sragv/MIR Carnatic raga identification/data/raw_audio/Indian Art Music Raga Recognition Dataset (audio)/RagaDataset/Carnatic/audio/09c179f3-8b19-4792-a852-e9fa0090e409/M_S__Subbulakshmi/M_S__Subbulakshmi_concert_at_Chicago_1977/Jagadoddharan/Jagadoddharan.mp3
Amritha_Murali.Brindavana_Dolagaaduva,Amritha_Murali,Kāpi,carnatic,C:/Users/Sragv/MIR Carnatic raga identification/data/raw_audio/Indian Art Music Raga Recognition Dataset (audio)/RagaDataset/Carnatic/audio/09c179f3-8b19-4792-a852-e9fa0090e409/Amritha_Murali/December_Season_2011/Brindavana_Dolagaaduva/Brindavana_Dolagaaduva.mp3
Sanjay_Subrahmanyan.Kalilo_Hari_Smrana,Sanjay_Subrahmanyan,Kāpi,carnatic,C:/Users/Sragv/MIR Carnatic raga identification/data/raw_audio/Indian Art Music Raga Recognition Dataset (audio)/RagaDataset/Carnatic/audio/09c179f3-8b19-4792-a852-e9fa0090e409/Sanjay_Subrahmanyan/Sanjay_at_Sastri_Hall/Kalilo_Hari_Smrana/Kalilo_Hari_Smrana.mp3
Sangeetha_Swaminathan.Amma_Kripai_Thandu,Sangeetha_Swaminathan,Kāpi,carnatic,C:/Users/Sragv/MIR Carnatic raga identification/data/raw_audio/Indian Art Music Raga Recognition Dataset (audio)/RagaDataset/Carnatic/audio/09c179f3-8b19-4792-a852-e9fa0090e409/Sangeetha_Swaminathan/December_Season_1999/Amma_Kripai_Thandu/Amma_Kripai_Thandu.mp3
Sikkil_Gurucharan.Jo_Achyuta_Nanda,Sikkil_Gurucharan,Kāpi,carnatic,C:/Users/Sragv/MIR Carnatic raga identification/data/raw_audio/Indian Art Music Raga Recognition Dataset (audio)/RagaDataset/Carnatic/audio/09c179f3-8b19-4792-a852-e9fa0090e409/Sikkil_Gurucharan/December_Season_2007/Jo_Achyuta_Nanda/Jo_Achyuta_Nanda.mp3
Sikkil_Gurucharan.Kartikeyanai_Kannara,Sikkil_Gurucharan,Kāpi,carnatic,C:/Users/Sragv/MIR Carnatic raga identification/data/raw_audio/Indian Art Music Raga Recognition Dataset (audio)/RagaDataset/Carnatic/audio/09c179f3-8b19-4792-a852-e9fa0090e409/Sikkil_Gurucharan/December_Season_2009/Kartikeyanai_Kannara/Kartikeyanai_Kannara.mp3
Sikkil_Gurucharan.Meevalla_Gunadosha,Sikkil_Gurucharan,Kāpi,carnatic,C:/Users/Sragv/MIR Carnatic raga identification/data/raw_audio/Indian Art Music Raga Recognition Dataset (audio)/RagaDataset/Carnatic/audio/09c179f3-8b19-4792-a852-e9fa0090e409/Sikkil_Gurucharan/December_Season_2011/Meevalla_Gunadosha/Meevalla_Gunadosha.mp3
Sikkil_Gurucharan.Kanaka_Sabhaiyai,Sikkil_Gurucharan,Kāpi,carnatic,C:/Users/Sragv/MIR Carnatic raga identification/data/raw_audio/Indian Art Music Raga Recognition Dataset (audio)/RagaDataset/Carnatic/audio/09c179f3-8b19-4792-a852-e9fa0090e409/Sikkil_Gurucharan/December_Season_2006/Kanaka_Sabhaiyai/Kanaka_Sabhaiyai.mp3
Kunnakkudi_M_Balamuralikrishna.Aravinda_Pada_Malar,Kunnakkudi_M_Balamuralikrishna,Kāpi,carnatic,C:/Users/Sragv/MIR Carnatic raga identification/data/raw_audio/Indian Art Music Raga Recognition Dataset (audio)/RagaDataset/Carnatic/audio/09c179f3-8b19-4792-a852-e9fa0090e409/Kunnakkudi_M_Balamuralikrishna/December_Season_2009/Aravinda_Pada_Malar/Aravinda_Pada_Malar.mp3
O__S__Thyagarajan.Jagadodharana,O__S__Thyagarajan,Kāpi,carnatic,"C:/Users/Sragv/MIR Carnatic raga identification/data/raw_audio/Indian Art Music Raga Recognition Dataset (audio)/RagaDataset/Carnatic/audio/09c179f3-8b19-4792-a852-e9fa0090e409/O__S__Thyagarajan/Live_At_Sree_Rama_Seva_Mandali,_Bangalore/Jagadodharana/Jagadodharana.mp3"
Gayathri_Venkataraghavan.Jagadodharana,Gayathri_Venkataraghavan,Kāpi,carnatic,C:/Users/Sragv/MIR Carnatic raga identification/data/raw_audio/Indian Art Music Raga Recognition Dataset (audio)/RagaDataset/Carnatic/audio/09c179f3-8b19-4792-a852-e9fa0090e409/Gayathri_Venkataraghavan/December_Season_2010/Jagadodharana/Jagadodharana.mp3
